Data Source,World Development Indicators,,,,,,,,,,,,,,,,,,,,,,,,,,,,,,,,,,,
,,,,,,,,,,,,,,,,,,,,,,,,,,,,,,,,,,,,
Last Updated Date,20/07/2022,,,,,,,,,,,,,,,,,,,,,,,,,,,,,,,,,,,
,,,,,,,,,,,,,,,,,,,,,,,,,,,,,,,,,,,,
Country Name,Country Code,Indicator Name,Indicator Code,1989,1990,1991,1992,1993,1994,1995,1996,1997,1998,1999,2000,2001,2002,2003,2004,2005,2006,2007,2008,2009,2010,2011,2012,2013,2014,2015,2016,2017,2018,2019,2020,2021
Aruba,ABW,"Labor force participation rate, female (% of female population ages 15+) (national estimate)",SL.TLF.CACT.FE.NE.ZS,,,50.70000076,,,,,,,,,56.11000061,,,,,,,59.45000076,,,59.52000046,58.79999924,,,,,,,,,,
Africa Eastern and Southern,AFE,"Labor force participation rate, female (% of female population ages 15+) (national estimate)",SL.TLF.CACT.FE.NE.ZS,,,,,,,,,,,,,,,,,,,,,,,,,,,,,,,,,
Afghanistan,AFG,"Labor force participation rate, female (% of female population ages 15+) (national estimate)",SL.TLF.CACT.FE.NE.ZS,,,,,,,,,,,,,,,,,,,,43.79000092,,,,16.01000023,,25.78000069,,,21.17000008,,,16.5,23.32999992
Africa Western and Central,AFW,"Labor force participation rate, female (% of female population ages 15+) (national estimate)",SL.TLF.CACT.FE.NE.ZS,,,,,,,,,,,,,,,,,,,,,,,,,,,,,,,,,
Angola,AGO,"Labor force participation rate, female (% of female population ages 15+) (national estimate)",SL.TLF.CACT.FE.NE.ZS,,,,,,,,,,,,,,,,62.68000031,,,,,60.91999817,75.66000366,74.91000366,,,37.02000046,,,,,,,
Albania,ALB,"Labor force participation rate, female (% of female population ages 15+) (national estimate)",SL.TLF.CACT.FE.NE.ZS,46.75999832,45.22000122,44.52000046,44.18000031,36.54000092,,32.54000092,30.73999977,43.59999847,44.09999847,43.40000153,44.29999924,,49.27999878,27.17000008,27.28000069,27.29999924,27.30999947,36.72999954,45.65999985,46.13000107,46.86000061,52.49000168,48.84000015,43.93999863,43.97999954,47.04000092,49.72999954,49.56999969,51.31999969,52.86999893,,
Andorra,AND,"Labor force participation rate, female (% of female population ages 15+) (national estimate)",SL.TLF.CACT.FE.NE.ZS,,,,,,,,,,,,,,,,,,,,,,,,,,,,,,,,,
Arab World,ARB,"Labor force participation rate, female (% of female population ages 15+) (national estimate)",SL.TLF.CACT.FE.NE.ZS,,,,,,,,,,,,,,,,,,,20.61771317,22.01374543,19.86046103,,,20.63246836,,19.20520206,,22.38603832,,,,,
United Arab Emirates,ARE,"Labor force participation rate, female (% of female population ages 15+) (national estimate)",SL.TLF.CACT.FE.NE.ZS,,,,,,,31.32999992,,,,,,,,,,37.77000046,,,41.81999969,42.06999969,,,,,,,51.20999908,52.81999969,52.75,57.61999893,61.83000183,
Argentina,ARG,"Labor force participation rate, female (% of female population ages 15+) (national estimate)",SL.TLF.CACT.FE.NE.ZS,29.06999969,29.11000061,39.59999847,35.20000076,37.90000153,36.79999924,41.33000183,44.5,44.5,45.5,46.79999924,44.11000061,43.20000076,45.59999847,48.97000122,50.31000137,49.47999954,50.09999847,48.90000153,48.41999817,49.13000107,48.04999924,48.24000168,48.38000107,47.95999908,47.70999908,,,48.00999832,49.52000046,50.29999924,46.81000137,50.47999954
Armenia,ARM,"Labor force participation rate, female (% of female population ages 15+) (national estimate)",SL.TLF.CACT.FE.NE.ZS,,,,,,,,,54.31999969,,,35.27999878,,,,,,,42.36999893,48.61000061,51,52.20000076,51.18000031,49.70000076,51.29000092,55.16999817,54.16999817,52.36999893,52.75999832,63.40000153,66.33000183,62.61000061,
American Samoa,ASM,"Labor force participation rate, female (% of female population ages 15+) (national estimate)",SL.TLF.CACT.FE.NE.ZS,,42.36999893,,,,,,,,,,,,,,,,,,,,,,,,,,,,,,,
Antigua and Barbuda,ATG,"Labor force participation rate, female (% of female population ages 15+) (national estimate)",SL.TLF.CACT.FE.NE.ZS,,,59.91999817,,,,,,,,,,66.23999786,,,,,,,,,,,,,,,,,,,,
Australia,AUS,"Labor force participation rate, female (% of female population ages 15+) (national estimate)",SL.TLF.CACT.FE.NE.ZS,51.22999954,52.25,51.97999954,51.93999863,51.70000076,52.59999847,53.59999847,53.79000092,53.58000183,53.63999939,53.63000107,54.50999832,55.04999924,55.24000168,55.90999985,55.68999863,56.97000122,57.52000046,58.06999969,58.54999924,58.75,58.61000061,58.86000061,58.77000046,58.68000031,58.65000153,59.11000061,59.34000015,59.84999847,60.49000168,60.95999908,60.20999908,61.22999954
Austria,AUT,"Labor force participation rate, female (% of female population ages 15+) (national estimate)",SL.TLF.CACT.FE.NE.ZS,42.11999893,43.02999878,43.52999878,44.83000183,45.29999924,48.65000153,49.36999893,48.81000137,48.70000076,49.33000183,49.50999832,49.40000153,49.36999893,50.61999893,50.79999924,50.02000046,51.29999924,51.99000168,52.84999847,53.38000107,54.04999924,54.15999985,54.50999832,55,55.29000092,55.31000137,55.36000061,55.90999985,55.90000153,55.90999985,56,55.63999939,55.91999817
Azerbaijan,AZE,"Labor force participation rate, female (% of female population ages 15+) (national estimate)",SL.TLF.CACT.FE.NE.ZS,48.25999832,,,,46.81999969,,,43.63999939,44.68000031,44.22999954,57.15999985,72.69999695,70.69999695,68.80000305,67,65.40000153,64.09999847,62.5,62.06000137,61.90000153,61.77999878,61.95999908,61.47000122,61.40000153,61.40000153,62,62.40000153,62.79999924,62.90000153,63.09999847,63.29999924,64,
Burundi,BDI,"Labor force participation rate, female (% of female population ages 15+) (national estimate)",SL.TLF.CACT.FE.NE.ZS,,90.55000305,,,,,,,,86.04000092,,,,,,,,,,70.15000153,,,,,,79.83000183,,,,,,,
Belgium,BEL,"Labor force participation rate, female (% of female population ages 15+) (national estimate)",SL.TLF.CACT.FE.NE.ZS,36.20999908,36.54999924,38.00999832,38.90000153,39.58000183,40.15999985,40.52999878,40.54999924,41,41.65999985,43.16999817,43.65000153,41.86999893,42.56999969,42.95000076,44.25,45.68999863,45.81999969,46.52999878,46.90999985,46.95000076,47.70999908,47.02999878,47.09999847,47.77000046,48.08000183,48.00999832,47.77999878,48.72000122,49.52000046,49.83000183,49.33000183,50.04000092
Benin,BEN,"Labor force participation rate, female (% of female population ages 15+) (national estimate)",SL.TLF.CACT.FE.NE.ZS,,,,57.54999924,,,,61.43000031,,,,,68.69999695,65.59999847,78.30000305,,,,,,,74.63999939,69.69999695,,,,,,,56.61999893,,,
Burkina Faso,BFA,"Labor force participation rate, female (% of female population ages 15+) (national estimate)",SL.TLF.CACT.FE.NE.ZS,,,79.38999939,,,73.40000153,,,,,,,,,,,85.59999847,61.09999847,85,,,,,,,58.22000122,,,,37.95000076,,,
Bangladesh,BGD,"Labor force participation rate, female (% of female population ages 15+) (national estimate)",SL.TLF.CACT.FE.NE.ZS,67.38999939,,62.56999969,,,,,55.86000061,,,,55.86999893,,,26.06999969,,,28.98999977,,,,35.49000168,,,33.56000137,,,33.18999863,36.34999847,,,,
Bulgaria,BGR,"Labor force participation rate, female (% of female population ages 15+) (national estimate)",SL.TLF.CACT.FE.NE.ZS,,,,53.81999969,,,,,46.90000153,,,44.65999985,46.43999863,46.04000092,44.77999878,45.43999863,44.40000153,46.34999847,47.45999908,48.31999969,47.52000046,47.77000046,47.20000076,47.83000183,48.56000137,48.61999893,48.56000137,47.65999985,49.52000046,49.22000122,50.29000092,49.20000076,49.04999924
Bahrain,BHR,"Labor force participation rate, female (% of female population ages 15+) (national estimate)",SL.TLF.CACT.FE.NE.ZS,,28,29.23999977,29.70000076,30.39999962,31.10000038,31.70000076,32.40000153,33.09999847,33.70000076,34.40000153,35.09999847,35.50999832,36.40000153,37.09999847,37.20000076,26.37999916,39.13000107,,,,43.68000031,42.54000092,,,,43.54000092,,,,,,
"Bahamas, The",BHS,"Labor force participation rate, female (% of female population ages 15+) (national estimate)",SL.TLF.CACT.FE.NE.ZS,47.06999969,64.55000305,68.5,69.90000153,69.5,66.98999786,69.5,68.19999695,70.5,65.86000061,70.90000153,,71.09999847,71.90000153,,,,,,,69.09999847,,69.98999786,69.06999969,69.80000305,,,,,,,,
Bosnia and Herzegovina,BIH,"Labor force participation rate, female (% of female population ages 15+) (national estimate)",SL.TLF.CACT.FE.NE.ZS,,,,,,,,,,,,,28.64999962,,,,,30.62999916,30.77000046,31.43000031,31.77000046,33.00999832,32.65000153,32.47000122,32.31999969,32.93999863,33.41999817,32.06000137,32.27999878,31.37000084,32.77999878,36.70999908,40.63999939
Belarus,BLR,"Labor force participation rate, female (% of female population ages 15+) (national estimate)",SL.TLF.CACT.FE.NE.ZS,61.31000137,,,,,,,,46,,52.74000168,,,,,,,53.29999924,53.54999924,54.91999817,55.20000076,,,,,,85.5,66.91000366,67.12999725,66.22000122,66.33999634,65.68000031,
Belize,BLZ,"Labor force participation rate, female (% of female population ages 15+) (national estimate)",SL.TLF.CACT.FE.NE.ZS,,,,,,34.84000015,,21,38.59999847,39.59999847,39.59999847,,,,,,27.79999924,,,,,,,53.66999817,46.54000092,47.49000168,47.93000031,49.20999908,48.81000137,,57.18999863,,
Bermuda,BMU,"Labor force participation rate, female (% of female population ages 15+) (national estimate)",SL.TLF.CACT.FE.NE.ZS,,,67.90000153,,,,,,,,,67.93000031,,,,,,,,,79,81,,,,,,,,,,,
Bolivia,BOL,"Labor force participation rate, female (% of female population ages 15+) (national estimate)",SL.TLF.CACT.FE.NE.ZS,44.36999893,24.31999969,41.02999878,46.93999863,43.20000076,44.40000153,52.81000137,56.29999924,59.75999832,,61.86000061,59.61000061,60.20000076,61.79999924,63.90000153,63.90000153,60.52000046,63.65999985,43.54999924,62.43000031,62.88000107,,62.11000061,58.09000015,59.15000153,61.43000031,54.86000061,57.11999893,59.34000015,63.79000092,61.00999832,59.63000107,
Brazil,BRA,"Labor force participation rate, female (% of female population ages 15+) (national estimate)",SL.TLF.CACT.FE.NE.ZS,43.38999939,44.02000046,44.02000046,52.61000061,52.52999878,,50.22999954,49,50.04000092,50.77000046,52.06000137,,54.38999939,55.90999985,56.02000046,56.95000076,58.11000061,57.83000183,57.58000183,57.20999908,57.70999908,,54.68999863,52.47000122,52.45000076,52.38000107,52.93999863,52.93000031,53.81999969,54.11000061,54.86999893,49.54999924,52.04000092
Barbados,BRB,"Labor force participation rate, female (% of female population ages 15+) (national estimate)",SL.TLF.CACT.FE.NE.ZS,61.27000046,60.18000031,58.20999908,59.27000046,,60.99000168,62.77999878,61.45000076,62.22000122,,,,,,63.93000031,64.37999725,,,,,62.13999939,61.90000153,63.04000092,61.04000092,62,60.52999878,60.81000137,61.86999893,60.50999832,59.47000122,59.02999878,,
Brunei Darussalam,BRN,"Labor force participation rate, female (% of female population ages 15+) (national estimate)",SL.TLF.CACT.FE.NE.ZS,,,46.43999863,,,,,,,,,,56.43000031,,,,,,,,,,56.40000153,,,58.66999817,,,56.49000168,57.31000137,54.90999985,55.15000153,
Bhutan,BTN,"Labor force participation rate, female (% of female population ages 15+) (national estimate)",SL.TLF.CACT.FE.NE.ZS,,,,,,,,,,,,,,,,,47.70000076,55.79999924,,,66.04000092,63.86999893,62.84000015,63.22999954,58.90000153,54.84000015,55.93999863,,,,,,
Botswana,BWA,"Labor force participation rate, female (% of female population ages 15+) (national estimate)",SL.TLF.CACT.FE.NE.ZS,,,41.68000031,,,50.5,,45.70999908,,47.66999817,,48.54000092,46.16999817,,,,,52.72999954,,,55.75999832,52.86999893,,,63.22000122,,,,,,58.83000183,60.90000153,
Central African Republic,CAF,"Labor force participation rate, female (% of female population ages 15+) (national estimate)",SL.TLF.CACT.FE.NE.ZS,,,,,,,,,,,,,,,,,,,,,,,,,,,,,,,,,
Canada,CAN,"Labor force participation rate, female (% of female population ages 15+) (national estimate)",SL.TLF.CACT.FE.NE.ZS,58.11000061,58.5,58.43000031,57.84000015,57.65999985,57.52000046,57.47999954,57.47000122,57.79000092,58.38000107,58.90999985,59.40000153,59.75,60.90999985,61.88999939,61.99000168,61.65999985,61.88000107,62.50999832,62.54999924,62.43000031,62.40999985,62.15999985,62.13000107,62.16999817,61.54999924,61.22000122,61.27999878,61.47999954,61.29999924,61.45000076,59.52000046,60.63000107
Central Europe and the Baltics,CEB,"Labor force participation rate, female (% of female population ages 15+) (national estimate)",SL.TLF.CACT.FE.NE.ZS,,,,57.05132251,,,56.98035452,55.40009882,51.28924337,50.61188132,51.36737576,50.69672712,50.52295144,48.89045303,48.12010272,47.79895666,47.43893152,47.42711414,47.29610179,47.39735396,47.61607298,47.73563038,47.64611993,48.07729516,48.1809229,48.56276168,48.58975483,48.50640459,49.08694722,49.12361985,49.05862949,48.71036372,49.14205216
Switzerland,CHE,"Labor force participation rate, female (% of female population ages 15+) (national estimate)",SL.TLF.CACT.FE.NE.ZS,39.09999847,49.33000183,56.81000137,57.13000107,56.93999863,56.22000122,55.84999847,57.02999878,56.95000076,58.16999817,58.15000153,57.63000107,58.79000092,59.29000092,59.45999908,59.11000061,59.34000015,59.75999832,59.93999863,61.29000092,61.56999969,59.97000122,60.52999878,60.83000183,61.13999939,61.88999939,62.27999878,62.83000183,62.59999847,62.90999985,62.97999954,62.50999832,62.22999954
Channel Islands,CHI,"Labor force participation rate, female (% of female population ages 15+) (national estimate)",SL.TLF.CACT.FE.NE.ZS,,,,,,,,,,,,,,,,,,,,,,,,,,,,,,,,,
Chile,CHL,"Labor force participation rate, female (% of female population ages 15+) (national estimate)",SL.TLF.CACT.FE.NE.ZS,31.63999939,31.76000023,31.29000092,33.40999985,34.88999939,35,33.93000031,36.83000183,37.56000137,37.91999817,38.15000153,37.75,36.77999878,36.5,37.84000015,39.25999832,40.16999817,41.33000183,42.27999878,44.22999954,44.66999817,45.52999878,47.54999924,47.79999924,47.93000031,48.59000015,48.45000076,48.20999908,48.72999954,49.29999924,49.45999908,44.65999985,46.29000092
China,CHN,"Labor force participation rate, female (% of female population ages 15+) (national estimate)",SL.TLF.CACT.FE.NE.ZS,,73.01999664,,,,,,,,,,70.56999969,,,,,,,,,,63.72999954,,,,,,,,,,,
Cote d'Ivoire,CIV,"Labor force participation rate, female (% of female population ages 15+) (national estimate)",SL.TLF.CACT.FE.NE.ZS,,,,,,,,,,48.27000046,,,,,,,,,,,,,,62.52000046,69.58000183,,,58.29000092,46.16999817,,56.24000168,,
Cameroon,CMR,"Labor force participation rate, female (% of female population ages 15+) (national estimate)",SL.TLF.CACT.FE.NE.ZS,,,,,,,,61.5,,,,,65.5,,,,68.30000305,,78.19999695,,,70.66000366,,,,67.19000244,,,,,,,
"Congo, Dem. Rep.",COD,"Labor force participation rate, female (% of female population ages 15+) (national estimate)",SL.TLF.CACT.FE.NE.ZS,,,,,,,,,,,,,,,,,71.23000336,,,,,,,62.52999878,,,,,,,,,
"Congo, Rep.",COG,"Labor force participation rate, female (% of female population ages 15+) (national estimate)",SL.TLF.CACT.FE.NE.ZS,,,,,,,,,,,,,,,,,66.87000275,,,,47.18999863,,,43,,,,,,,,,
Colombia,COL,"Labor force participation rate, female (% of female population ages 15+) (national estimate)",SL.TLF.CACT.FE.NE.ZS,46.36000061,,,,31.43000031,,,37.29999924,,,,57.09999847,53.54999924,53.75999832,54.91999817,53.09999847,52.15999985,,49.16999817,49.75,53.22000122,55.36000061,56.18999863,57.68999863,57.54000092,57.63999939,58.16999817,57.86000061,57.72999954,57.00999832,56,50.27999878,51.77999878
Comoros,COM,"Labor force participation rate, female (% of female population ages 15+) (national estimate)",SL.TLF.CACT.FE.NE.ZS,,,26.63999939,,,,,,,,,,,,,32.52999878,,,,,,,,,,33.04000092,,,,,,,
Cabo Verde,CPV,"Labor force participation rate, female (% of female population ages 15+) (national estimate)",SL.TLF.CACT.FE.NE.ZS,,41.08000183,,,,,,,,,,,,,,,,,,,,,,,,,59.36000061,,52.15000153,48.72000122,50.52999878,,
Costa Rica,CRI,"Labor force participation rate, female (% of female population ages 15+) (national estimate)",SL.TLF.CACT.FE.NE.ZS,,32.93000031,33.56999969,32.84000015,33.65999985,34.70999908,35.68999863,34.11999893,37.13999939,39.52999878,40.15999985,38.33000183,42.18000031,41.99000168,42.5,40.77999878,44.45999908,44.34999847,45.47000122,46.08000183,46.20999908,44.40000153,46.20000076,51.16999817,51,51.09000015,49.81000137,43.68000031,45.65999985,48.41999817,52.50999832,48.41999817,50.04000092
Caribbean small states,CSS,"Labor force participation rate, female (% of female population ages 15+) (national estimate)",SL.TLF.CACT.FE.NE.ZS,,54.27578569,44.50508852,,,54.71306567,55.38459288,55.8026892,55.58363073,54.35177145,52.17123454,,53.0060785,51.35814532,,,,,,,54.26870574,51.64850857,53.10464994,53.84253756,53.61993951,52.76948188,53.62794674,53.26139179,,,,,
Cuba,CUB,"Labor force participation rate, female (% of female population ages 15+) (national estimate)",SL.TLF.CACT.FE.NE.ZS,,,,,,,,,,,,,,,,37.93999863,,39.31000137,40.75999832,41.16999817,42.34000015,41.83000183,41.59000015,57.38000107,57.29999924,,,,,,,,
Curacao,CUW,"Labor force participation rate, female (% of female population ages 15+) (national estimate)",SL.TLF.CACT.FE.NE.ZS,,,,,,,,,,,,,,,,,,,,,,,,,,,,,,52.15999985,,54.00999832,
Cayman Islands,CYM,"Labor force participation rate, female (% of female population ages 15+) (national estimate)",SL.TLF.CACT.FE.NE.ZS,74.19999695,,75.91000366,,,,,,,,82.41999817,,,,,,,79.37999725,79.13999939,80.77999878,80.56999969,,77.55999756,80.95999908,80.58999634,80.31999969,80.98000336,,,,,,
Cyprus,CYP,"Labor force participation rate, female (% of female population ages 15+) (national estimate)",SL.TLF.CACT.FE.NE.ZS,47.54999924,48.24000168,48.74000168,43.25999832,,,47.56000137,,,,,49.13000107,51.77000046,52.43999863,53.84999847,53.5,53.31000137,54.36000061,55.79999924,55.84999847,56.70000076,57.84000015,57.45999908,56.93999863,57.06999969,58.58000183,57.70999908,56.38999939,56.81999969,57.36999893,57.45999908,56.59000015,57.84000015
Czech Republic,CZE,"Labor force participation rate, female (% of female population ages 15+) (national estimate)",SL.TLF.CACT.FE.NE.ZS,,,60.83000183,,52.34000015,52.58000183,52.33000183,51.81999969,51.59000015,51.68999863,51.95000076,51.54999924,51.13999939,50.77999878,50.88000107,50.5,50.65999985,50.54999924,49.77999878,49.31999969,49.52999878,49.31999969,49.47000122,50.04000092,50.90999985,50.86000061,51.25,51.86000061,52.29000092,52.77999878,52.58000183,51.81000137,51.88000107
Germany,DEU,"Labor force participation rate, female (% of female population ages 15+) (national estimate)",SL.TLF.CACT.FE.NE.ZS,42.52999878,45.34999847,48.13999939,47.86999893,47.59999847,47.77999878,47.68000031,47.84000015,48.18000031,48.40999985,48.95999908,48.86000061,49.29000092,49.36000061,49.74000168,49.43000031,51.09999847,51.97999954,52.40999985,52.52000046,52.91999817,53.06000137,54,54.02999878,54.58000183,54.75999832,54.70999908,55.63000107,55.88000107,55.93999863,56.58000183,55.54000092,55.45999908
Djibouti,DJI,"Labor force participation rate, female (% of female population ages 15+) (national estimate)",SL.TLF.CACT.FE.NE.ZS,,,,,,,,48.70000076,,,,,,,,,,,,,,,,,,,,,18.20999908,,,,
Dominica,DMA,"Labor force participation rate, female (% of female population ages 15+) (national estimate)",SL.TLF.CACT.FE.NE.ZS,43.45000076,,25.73999977,,,,,,59.49000168,,54.50999832,,45.06000137,,,,,,,,,,,,,,,,,,,,
Denmark,DNK,"Labor force participation rate, female (% of female population ages 15+) (national estimate)",SL.TLF.CACT.FE.NE.ZS,60.54999924,61.45999908,61.70000076,62.38999939,61.84999847,58.29000092,57.47000122,58.72000122,59.00999832,59.50999832,60.02999878,60.22000122,59.65999985,60.24000168,59.72000122,60.38000107,60.38999939,60.93000031,60.65999985,59.90999985,59.65000153,58.84999847,58.59000015,58.15000153,57.59999847,57.02000046,56.72999954,57.56000137,57.61000061,57.56000137,57.99000168,57.75,58.06999969
Dominican Republic,DOM,"Labor force participation rate, female (% of female population ages 15+) (national estimate)",SL.TLF.CACT.FE.NE.ZS,,,37.20000076,42.20000076,25.22999954,37,,42.95000076,41.58000183,41.43000031,,39.97999954,38.56999969,40.15999985,39.27000046,39.22999954,39.77999878,40.70000076,40.36000061,41.95999908,39.02000046,41.72999954,43.72999954,45.27999878,45.15000153,45.45000076,48.33000183,49.02999878,49.20999908,50.49000168,52.52000046,47.68999863,
Algeria,DZA,"Labor force participation rate, female (% of female population ages 15+) (national estimate)",SL.TLF.CACT.FE.NE.ZS,,,,,,,,11.81999969,7.369999886,,,6.650000095,,,,,,,,,13.94999981,14.15999985,,15.80000019,16.60000038,15.57999992,16.29999924,16.94000053,13.46000004,,,,
East Asia & Pacific (excluding high income),EAP,"Labor force participation rate, female (% of female population ages 15+) (national estimate)",SL.TLF.CACT.FE.NE.ZS,,68.14965941,,,,,,,,,,66.95442335,,,,,,,,,,61.98438382,,,,,,,,,,,
Early-demographic dividend,EAR,"Labor force participation rate, female (% of female population ages 15+) (national estimate)",SL.TLF.CACT.FE.NE.ZS,,,36.20572216,,,34.72908823,,,,,,35.76451276,39.72945872,,,,36.89203761,,,,,33.12502728,,32.53204647,,,,,,30.30760135,31.68901579,33.48503062,
East Asia & Pacific,EAS,"Labor force participation rate, female (% of female population ages 15+) (national estimate)",SL.TLF.CACT.FE.NE.ZS,,65.43399564,,,,,,,,,,64.61908203,,,,,,,,,,60.51338446,,,,,,,,,,,
Europe & Central Asia (excluding high income),ECA,"Labor force participation rate, female (% of female population ages 15+) (national estimate)",SL.TLF.CACT.FE.NE.ZS,55.40011284,,,,,,54.27212513,,,51.58280604,52.57227511,,52.13600677,52.31693662,51.57972857,51.54453003,50.91138851,50.73662327,51.78468168,52.6973102,53.07881454,52.62990555,53.8947581,54.05588399,53.42911188,54.09404994,55.28954301,54.64358104,51.81233076,50.78388539,50.90793055,50.89067391,
Europe & Central Asia,ECS,"Labor force participation rate, female (% of female population ages 15+) (national estimate)",SL.TLF.CACT.FE.NE.ZS,49.09909844,,,50.11728217,48.94815778,48.80594405,50.02822957,48.32404977,47.72556124,48.88146699,49.70116064,49.33362017,49.69981432,49.98308295,49.8796704,49.99398469,49.97797239,50.17294271,50.71087328,51.31119656,51.65464313,51.51675508,52.21081854,52.51632387,52.30010416,52.690747,53.20155244,53.12087001,52.09364672,51.7906028,51.94794545,50.99875469,
Ecuador,ECU,"Labor force participation rate, female (% of female population ages 15+) (national estimate)",SL.TLF.CACT.FE.NE.ZS,32.72000122,28.15999985,,,,,,48.40999985,48.81000137,52.15999985,,45.97000122,54.72000122,53.18000031,49.20000076,52.88000107,51.97000122,52.81000137,52.11000061,52.20000076,49.88000107,48.25,47.33000183,48.29999924,48.31000137,47.93000031,52.13999939,55.63000107,56.38000107,54.63000107,54.52999878,48.43000031,53.84999847
"Egypt, Arab Rep.",EGY,"Labor force participation rate, female (% of female population ages 15+) (national estimate)",SL.TLF.CACT.FE.NE.ZS,29.96999931,26.73999977,22.03000069,22.79999924,22.12999916,22.97999954,21.60000038,14.5,,19.54999924,20.37000084,13.44999981,20.15999985,18.40999985,,,23.09000015,21.12999916,23.15999985,21.71999931,22.77000046,23.05999947,22.37000084,22.38999939,22.92000008,23.05999947,22.67000008,22.92000008,21.93000031,18.30999947,15.60999966,14.30000019,
Euro area,EMU,"Labor force participation rate, female (% of female population ages 15+) (national estimate)",SL.TLF.CACT.FE.NE.ZS,40.9817731,41.5874818,43.0360846,42.67020714,42.90778674,43.28263694,43.39796079,43.75216926,44.11371926,44.60378515,45.26181055,45.64851729,45.67920185,46.30896286,47.04499136,47.35562702,47.99999572,48.53849742,48.98255414,49.45102803,49.74291179,49.8992831,50.13816971,50.58322701,50.72575327,50.76714629,50.75918746,51.12656139,51.25796417,51.37192987,51.65220381,50.7706471,51.61875573
Eritrea,ERI,"Labor force participation rate, female (% of female population ages 15+) (national estimate)",SL.TLF.CACT.FE.NE.ZS,,,,,,,,,,,,,,,,,,,,,,,,,,,,,,,,,
Spain,ESP,"Labor force participation rate, female (% of female population ages 15+) (national estimate)",SL.TLF.CACT.FE.NE.ZS,32.02999878,32.63000107,32.59999847,34.59000015,35.11999893,36.34000015,36.79999924,37.31999969,38.08000183,38.41999817,39.11999893,40.70000076,39.56000137,42.11999893,43.61999893,45.00999832,46.49000168,47.90999985,48.95999908,50.34999847,51.45000076,52.15999985,52.81999969,53.43999863,53.38999939,53.11000061,53.11999893,53.04000092,52.63000107,52.41999817,52.68999863,51.61999893,53.09999847
Estonia,EST,"Labor force participation rate, female (% of female population ages 15+) (national estimate)",SL.TLF.CACT.FE.NE.ZS,64.55999756,66.45999908,64.76999664,61.72000122,59.79999924,59.45999908,58.06999969,57.88999939,58.45000076,52.61000061,51.61999893,52.65999985,52.31000137,51.18999863,52.43999863,53.31999969,53.63000107,54.77999878,54.06000137,54.74000168,54.70000076,55.09999847,55.68000031,55.41999817,55.40000153,54.59000015,56.11999893,56.70000076,57.43000031,57.72000122,57.83000183,57.65000153,58.29000092
Ethiopia,ETH,"Labor force participation rate, female (% of female population ages 15+) (national estimate)",SL.TLF.CACT.FE.NE.ZS,,,,,,66.54000092,,,,,54.47999954,,,,,,74.79000092,,,,,,,,74.30000305,,,,,,,,
European Union,EUU,"Labor force participation rate, female (% of female population ages 15+) (national estimate)",SL.TLF.CACT.FE.NE.ZS,43.49430937,42.83085467,44.44221123,46.2673787,45.93717351,46.11997942,46.78925133,46.55890731,45.97824835,46.15298943,46.82459876,47.07378797,47.08479681,47.16589472,47.51037032,47.68133572,48.10437305,48.52368284,48.83584471,49.19366527,49.46064135,49.75558167,49.94675379,50.38069169,50.52254589,50.64706445,50.636775,50.89678324,51.13930136,51.24717675,51.46427203,50.7000483,51.26444326
Fragile and conflict affected situations,FCS,"Labor force participation rate, female (% of female population ages 15+) (national estimate)",SL.TLF.CACT.FE.NE.ZS,,,,,,,,,,,,,,,,,,,,,,,,,,,,,,,,,
Finland,FIN,"Labor force participation rate, female (% of female population ages 15+) (national estimate)",SL.TLF.CACT.FE.NE.ZS,58.40999985,64.75,63.49000168,62.15000153,61.27999878,60.47000122,56.25999832,54.59999847,54.86000061,55.13000107,58.13000107,58.31000137,58.52999878,58.70999908,58.29000092,57.79999924,56.77000046,57.06999969,57.36999893,57.38999939,56.95999908,56.02000046,55.79999924,55.97999954,55.52999878,55.47999954,55.61000061,55,55.20000076,55.88999939,55.79999924,55.25999832,56.68000031
Fiji,FJI,"Labor force participation rate, female (% of female population ages 15+) (national estimate)",SL.TLF.CACT.FE.NE.ZS,,,,,,,,39.36999893,,,,,,,,,34.84000015,,,,,,45.45999908,,,41.29999924,,38.54999924,,,,,
France,FRA,"Labor force participation rate, female (% of female population ages 15+) (national estimate)",SL.TLF.CACT.FE.NE.ZS,46.77000046,46.70000076,46.88000107,47.29999924,47.77000046,47.97000122,48.22000122,48.59999847,48.27000046,48.59000015,48.91999817,49.08000183,48.86000061,49.06999969,50.31999969,50.13999939,50.45999908,50.52999878,50.90000153,51.09999847,51.45000076,51.45999908,51.33000183,51.54000092,51.72999954,51.63999939,51.59000015,51.52999878,51.31000137,51.43000031,51.25999832,50.63000107,52.20000076
Faroe Islands,FRO,"Labor force participation rate, female (% of female population ages 15+) (national estimate)",SL.TLF.CACT.FE.NE.ZS,,,,,,,,,,,,,,,,,,,,,,,,,,,,,,,,,
"Micronesia, Fed. Sts.",FSM,"Labor force participation rate, female (% of female population ages 15+) (national estimate)",SL.TLF.CACT.FE.NE.ZS,,,,,,,,,,,,,,,,,,,,,,,,,,46.18999863,,,,,,,
Gabon,GAB,"Labor force participation rate, female (% of female population ages 15+) (national estimate)",SL.TLF.CACT.FE.NE.ZS,,,,,54.45000076,,,,,,,,,,,,53.47000122,,,,,39.90999985,,,,,,,,,,,
United Kingdom,GBR,"Labor force participation rate, female (% of female population ages 15+) (national estimate)",SL.TLF.CACT.FE.NE.ZS,52.09000015,52.43999863,52.27000046,52.38999939,52.47000122,52.5,52.45999908,52.88999939,53.29999924,53.31999969,53.77999878,54.18999863,54.08000183,54.63999939,54.54999924,54.93000031,55.38999939,55.90000153,55.68999863,55.97000122,56.15000153,56.06999969,56.20000076,56.40999985,56.75999832,57.02000046,57.20000076,57.49000168,57.79000092,58.02999878,58.45999908,,
Georgia,GEO,"Labor force participation rate, female (% of female population ages 15+) (national estimate)",SL.TLF.CACT.FE.NE.ZS,,,,,,,,,,56.79999924,58.20000076,55.04000092,58.24000168,56.02999878,57.52999878,56.86000061,55.88000107,53.59999847,55,54.18999863,54.65000153,55.81000137,56.25999832,57.40999985,56.45000076,57.34999847,58.95999908,57.83000183,58.20000076,55.58000183,54.52000046,55,
Ghana,GHA,"Labor force participation rate, female (% of female population ages 15+) (national estimate)",SL.TLF.CACT.FE.NE.ZS,61.40000153,,76.54000092,77.80000305,,,,,,78.69999695,78.69999695,72.63999939,,,,,,67.08999634,,,,69.44999695,,,73.70999908,,65.51999664,,69.48999786,,,,
Gibraltar,GIB,"Labor force participation rate, female (% of female population ages 15+) (national estimate)",SL.TLF.CACT.FE.NE.ZS,33.15000153,33.00999832,35.09999847,34.43999863,36.47000122,36.20000076,,,,,,,57.54000092,,,,,,,,,,,,,,,,,,,,
Guinea,GIN,"Labor force participation rate, female (% of female population ages 15+) (national estimate)",SL.TLF.CACT.FE.NE.ZS,,,,,,,,42.91999817,,,,,,62.81000137,,,,,,,,,,,,,,,,,42.86999893,,
"Gambia, The",GMB,"Labor force participation rate, female (% of female population ages 15+) (national estimate)",SL.TLF.CACT.FE.NE.ZS,,,,,44.81000137,,,,,,,,,,,,,,,,,,,50.45000076,,,,,,56.18999863,,,
Guinea-Bissau,GNB,"Labor force participation rate, female (% of female population ages 15+) (national estimate)",SL.TLF.CACT.FE.NE.ZS,,,,,,,,,,,,,,,,,,,,,,,,,,,,,,49.06999969,,,
Equatorial Guinea,GNQ,"Labor force participation rate, female (% of female population ages 15+) (national estimate)",SL.TLF.CACT.FE.NE.ZS,,,,,,73.5,,,,,,,,,,,,,,,,,,,,,,,,,,,
Greece,GRC,"Labor force participation rate, female (% of female population ages 15+) (national estimate)",SL.TLF.CACT.FE.NE.ZS,35.74000168,35.43000031,33.13000107,34.22999954,34.50999832,34.97999954,35.47000122,36.56000137,36.20000076,39.43999863,40.36999893,40.36999893,39.58000183,40.11999893,40.77000046,42.09000015,42.13999939,42.43999863,42.34999847,42.41999817,43.5,44.08000183,43.77999878,43.97999954,43.75,44.09999847,44.74000168,45.00999832,44.74000168,44.31999969,44.41999817,43.50999832,43.54999924
Grenada,GRD,"Labor force participation rate, female (% of female population ages 15+) (national estimate)",SL.TLF.CACT.FE.NE.ZS,,,,,,,,,,54.79999924,,,,,,,,,,,,,,,62.09999847,68.30000305,65.40000153,,,,,,
Greenland,GRL,"Labor force participation rate, female (% of female population ages 15+) (national estimate)",SL.TLF.CACT.FE.NE.ZS,,,,,,,,,,,,,,,,,,,,,,70.87999725,71.5,71.58000183,71.76000214,71.51000214,71.48999786,,,,,,
Guatemala,GTM,"Labor force participation rate, female (% of female population ages 15+) (national estimate)",SL.TLF.CACT.FE.NE.ZS,28.42000008,,,,,18.36000061,,,,,23.23999977,45.59999847,,47.20000076,48.31000137,42.45000076,,47.41999817,,,,41.99000168,40.27000046,45.54999924,40.31999969,40.56999969,38.86000061,40.08000183,39.20000076,39.09999847,37.84000015,,
Guam,GUM,"Labor force participation rate, female (% of female population ages 15+) (national estimate)",SL.TLF.CACT.FE.NE.ZS,,59.5,,,,,,,,,,60.40000153,58.40000153,54.79999924,,52.79999924,55.09999847,55.59999847,48.79999924,,53.70000076,56.40000153,56.5,,,,,,,,,,
Guyana,GUY,"Labor force participation rate, female (% of female population ages 15+) (national estimate)",SL.TLF.CACT.FE.NE.ZS,,,,,39.29000092,,,,,,,,,34.11999893,,,,,,,,,,,,,,,,42.43000031,39.29000092,,
High income,HIC,"Labor force participation rate, female (% of female population ages 15+) (national estimate)",SL.TLF.CACT.FE.NE.ZS,49.31818659,49.26560816,49.83988044,50.1272177,50.40888894,50.85659534,51.00356157,51.12725687,51.13761987,51.09472209,51.10439541,51.15432246,51.29368557,51.26728912,51.81039879,51.94533972,52.22018473,52.09264119,52.24350946,52.4092404,53.10745813,53.04379774,52.46197591,52.56937732,53.2195241,52.77944827,52.72040024,53.00556235,53.32961064,53.58627031,54.04768524,53.02075691,53.87078371
"Hong Kong SAR, China",HKG,"Labor force participation rate, female (% of female population ages 15+) (national estimate)",SL.TLF.CACT.FE.NE.ZS,47.09999847,46.56999969,47.79999924,46.24000168,46.49000168,47.13999939,47.56999969,47.79999924,47.95999908,48.54000092,49.20000076,49.09000015,50.66999817,51.95000076,51.61999893,51.83000183,51.93000031,52.63999939,53.06999969,53.15000153,53.24000168,51.90999985,52.95000076,53.54000092,54.49000168,54.54999924,54.74000168,54.79999924,55.06999969,55.11999893,54.95999908,54.15999985,
Honduras,HND,"Labor force participation rate, female (% of female population ages 15+) (national estimate)",SL.TLF.CACT.FE.NE.ZS,,,33.22000122,35.68000031,,,34.66999817,,,42.27999878,45.79999924,44.24000168,42.54999924,37.70000076,,38.61000061,42.24000168,39.43999863,38.75999832,40.27000046,41.72000122,43.34999847,40.45999908,39.06000137,44.27000046,46.97000122,47.52000046,46.90999985,46.77000046,51.08000183,48.02000046,48.40000153,
Heavily indebted poor countries (HIPC),HPC,"Labor force participation rate, female (% of female population ages 15+) (national estimate)",SL.TLF.CACT.FE.NE.ZS,,,,,,,,,,,,,,,,,,,,,,,,,,,,,,,,,
Croatia,HRV,"Labor force participation rate, female (% of female population ages 15+) (national estimate)",SL.TLF.CACT.FE.NE.ZS,,,46.11999893,,,,,,,35.09999847,,43.99000168,42.45999908,43.97999954,42.81000137,43.63999939,42.61999893,42.79999924,45.13999939,45.72999954,46.70000076,46.13999939,44.61000061,44.54000092,44.59000015,46.43000031,46.88000107,45.43000031,45.56999969,45.50999832,45.18000031,44.68000031,45.79000092
Haiti,HTI,"Labor force participation rate, female (% of female population ages 15+) (national estimate)",SL.TLF.CACT.FE.NE.ZS,,56.79999924,,,,,57.18000031,,,,,56.91999817,,,45.5,,58.47000122,,40.79999924,,,60.63999939,,48.40000153,,,,,,,,,
Hungary,HUN,"Labor force participation rate, female (% of female population ages 15+) (national estimate)",SL.TLF.CACT.FE.NE.ZS,77.19999695,46.25999832,39.49000168,51.04999924,48.50999832,46.25999832,43.81000137,39.99000168,39.11999893,40.52999878,41.45999908,41.66999817,41.13000107,41.38999939,42.36999893,42.25,43.08000183,43.40000153,42.97999954,42.72999954,42.83000183,43.77000046,43.95999908,44.97000122,45.13000107,46.45999908,47.36000061,48.02999878,48.36999893,48.68999863,48.75,48.5,52.81000137
IBRD only,IBD,"Labor force participation rate, female (% of female population ages 15+) (national estimate)",SL.TLF.CACT.FE.NE.ZS,,,,,,,,,,,,51.77639124,,,,,,,,,,47.29244046,,38.4888024,,,,,,,,,
IDA & IBRD total,IBT,"Labor force participation rate, female (% of female population ages 15+) (national estimate)",SL.TLF.CACT.FE.NE.ZS,,,,,,,,,,,,50.93827237,,,,,,,,,,46.44259409,,,,,,,,,,,
IDA total,IDA,"Labor force participation rate, female (% of female population ages 15+) (national estimate)",SL.TLF.CACT.FE.NE.ZS,,,,,,,,,,,,,,,,,,,,,,,,,,,,,,,,,
IDA blend,IDB,"Labor force participation rate, female (% of female population ages 15+) (national estimate)",SL.TLF.CACT.FE.NE.ZS,,,26.42821765,,,,,,,,,,,,,34.22820805,,,,,,,41.69674426,,38.65868629,,,,,,42.26259242,,
Indonesia,IDN,"Labor force participation rate, female (% of female population ages 15+) (national estimate)",SL.TLF.CACT.FE.NE.ZS,,50.54000092,49.59999847,50.43999863,49.52999878,50.81000137,,50.72999954,49.93000031,51.15000153,51.15999985,51.68999863,50,48.00999832,47.79999924,47.20000076,45.90999985,45.91999817,49.75999832,50.38999939,50.31000137,50.97000122,50.95999908,51.47000122,50.70000076,50.63000107,50.75999832,50.93999863,51.93000031,53.11000061,53.91999817,53.18000031,52.04000092
IDA only,IDX,"Labor force participation rate, female (% of female population ages 15+) (national estimate)",SL.TLF.CACT.FE.NE.ZS,,,,,,,,,,,,,,,,,,,,,,,,,,,,,,,,,
Isle of Man,IMN,"Labor force participation rate, female (% of female population ages 15+) (national estimate)",SL.TLF.CACT.FE.NE.ZS,,,46.49000168,,,,,49.79000092,,,,,55.68000031,,,,,56.22000122,,,,,57.49000168,,,,,79.76999664,,,,,
India,IND,"Labor force participation rate, female (% of female population ages 15+) (national estimate)",SL.TLF.CACT.FE.NE.ZS,,,33.70999908,,,30.85000038,,,,,,30.69000053,37.70999908,,,,32.22000122,,,,,26.17000008,,23.35000038,,,,,,20.82999992,21.51000023,26.20000076,
Not classified,INX,"Labor force participation rate, female (% of female population ages 15+) (national estimate)",SL.TLF.CACT.FE.NE.ZS,,,,,,,,,,,,,,,,,,,,,,,,,,,,,,,,,
Ireland,IRL,"Labor force participation rate, female (% of female population ages 15+) (national estimate)",SL.TLF.CACT.FE.NE.ZS,34.58000183,35.38000107,36.04999924,36.81999969,38.56000137,39.5,39.91999817,41.54000092,42.66999817,43.93000031,45.90999985,47.15000153,47.56000137,48.77999878,49.13999939,49.43000031,51.81999969,53.02999878,56.97000122,56.83000183,56.11000061,55.25,54.95999908,54.77000046,55.27000046,54.93000031,54.84999847,55.59000015,55.65000153,56.04000092,56.25,55.09999847,57.86000061
"Iran, Islamic Rep.",IRN,"Labor force participation rate, female (% of female population ages 15+) (national estimate)",SL.TLF.CACT.FE.NE.ZS,,,9.920000076,,,,,10.64000034,,,,,,,,,18.79000092,18.13999939,17.09000015,14.84000015,15.80000019,15.26000023,13.75,14.86999989,13.40999985,13.05000019,14.40999985,16.26000023,17.39999962,17.53000069,16.97999954,13.88000011,
Iraq,IRQ,"Labor force participation rate, female (% of female population ages 15+) (national estimate)",SL.TLF.CACT.FE.NE.ZS,,,,,,,,,8.75,,,,,,,,,,12.22000027,,,,,11.89999962,,13.60999966,,14.55000019,11.18000031,,,,
Iceland,ISL,"Labor force participation rate, female (% of female population ages 15+) (national estimate)",SL.TLF.CACT.FE.NE.ZS,,,72.90000153,74.23999786,74.48000336,74.91999817,77.41000366,75.75,74.40000153,75.95999908,78.26999664,79.76999664,78.47000122,78.26000214,78.73000336,76.80999756,77.08000183,77.75,77.75,77.01000214,76.40000153,76.77999878,76.40000153,77.08000183,77.63999939,78.66000366,79.66999817,79.75,78.90000153,77.91999817,77.37000275,75,69.26999664
Israel,ISR,"Labor force participation rate, female (% of female population ages 15+) (national estimate)",SL.TLF.CACT.FE.NE.ZS,41.34999847,46.25,46.65999985,47.93999863,49.06000137,50.68999863,51.63999939,51.43000031,51.38000107,51.33000183,52.47999954,53.49000168,53.74000168,53.29999924,54.18000031,54.66999817,55.27999878,55.65999985,56.15999985,56.20000076,57.13000107,57.47000122,57.13000107,58.11999893,58.22999954,59.18999863,59.11999893,59.38000107,59.25999832,59.79000092,59.56999969,58.20999908,
Italy,ITA,"Labor force participation rate, female (% of female population ages 15+) (national estimate)",SL.TLF.CACT.FE.NE.ZS,35.11000061,34.97000122,36,34.00999832,33.54000092,33.50999832,33.54000092,33.97000122,34.16999817,34.66999817,35.36999893,35.66999817,36.20000076,36.75999832,37.33000183,38.45000076,38.06999969,38.18999863,37.93999863,38.66999817,38.22999954,38.16999817,38.40000153,39.70999908,39.68000031,40.11999893,39.77000046,40.45000076,40.93000031,41.09999847,41.25999832,39.84000015,40.11000061
Jamaica,JAM,"Labor force participation rate, female (% of female population ages 15+) (national estimate)",SL.TLF.CACT.FE.NE.ZS,,62.40000153,39.16999817,,,62.38999939,61.79999924,60.59999847,59,57.61000061,56.5,,53.59999847,55.29999924,53,55.29999924,,,57,55.5,53.63000107,52.20999908,52.29000092,52.59000015,52.90000153,53.09999847,56.25,56.06000137,56.86999893,56.27000046,57.54999924,55.36999893,57.00999832
Jordan,JOR,"Labor force participation rate, female (% of female population ages 15+) (national estimate)",SL.TLF.CACT.FE.NE.ZS,,,,,,,,,,,,12.30000019,11.69999981,12.30000019,11.19999981,,11.69999981,11.89999962,14.69999981,14.19999981,14.89999962,14.69999981,14.69999981,14.10000038,13.19999981,12.60000038,,,16.90999985,14.60000038,13.38000011,14.68999958,
Japan,JPN,"Labor force participation rate, female (% of female population ages 15+) (national estimate)",SL.TLF.CACT.FE.NE.ZS,49.5,50.09999847,50.70000076,50.70000076,50.29999924,50.20000076,50,50,50.40000153,50.09999847,49.59999847,49.27999878,49.15000153,48.54000092,48.25,48.25,48.36999893,48.47999954,48.45000076,48.41999817,48.5,48.40000153,48.15000153,48.09000015,48.79999924,49.22999954,49.45999908,50.25999832,51.06999969,52.40999985,53.27000046,53.20000076,53.5
Kazakhstan,KAZ,"Labor force participation rate, female (% of female population ages 15+) (national estimate)",SL.TLF.CACT.FE.NE.ZS,,,,,,,,,,,,,,64.91999817,65.01000214,64.75,,,,66.68000031,,,,,,,,,,,,63.70000076,
Kenya,KEN,"Labor force participation rate, female (% of female population ages 15+) (national estimate)",SL.TLF.CACT.FE.NE.ZS,70.80000305,,,,,,,,,,70.44000244,,,,,,59.49000168,56.61999893,,,71.54000092,,,,,,,71.45999908,,,62.90000153,,
Kyrgyz Republic,KGZ,"Labor force participation rate, female (% of female population ages 15+) (national estimate)",SL.TLF.CACT.FE.NE.ZS,58.56999969,,,,,,,,,,,,,55.29000092,,53.52999878,,54.22999954,,,52.70999908,52.40000153,52.84000015,51.77999878,49.18999863,50.36000061,49.90999985,48.31999969,45.88000107,52.04999924,51.75,53.04000092,
Cambodia,KHM,"Labor force participation rate, female (% of female population ages 15+) (national estimate)",SL.TLF.CACT.FE.NE.ZS,,,,,90.06999969,,,65.09999847,,73.48999786,77.47000122,76.51000214,81.87999725,,,75.5,,,74.72000122,72.04000092,77.37999725,81.27999878,81.83999634,61.43000031,74.44999695,74.34999847,73.41999817,75.91000366,76.41000366,,69.94000244,,
Kiribati,KIR,"Labor force participation rate, female (% of female population ages 15+) (national estimate)",SL.TLF.CACT.FE.NE.ZS,,67.88999939,,,,,77.52999878,,,,,,,,,,20.37000084,,,,,52.27999878,,,,,33.56999969,,,,,,
St. Kitts and Nevis,KNA,"Labor force participation rate, female (% of female population ages 15+) (national estimate)",SL.TLF.CACT.FE.NE.ZS,,,57.11000061,,,,,,,,,,64.41999817,,,,,,,,,,,,,,,,,,,,
"Korea, Rep.",KOR,"Labor force participation rate, female (% of female population ages 15+) (national estimate)",SL.TLF.CACT.FE.NE.ZS,46.56000137,46.97999954,47.11999893,47.11999893,47.08000183,47.84000015,48.38999939,48.86999893,49.75999832,47.06000137,47.61999893,49.38999939,50.00999832,50.43000031,49.50999832,50.74000168,50.81999969,51.04000092,50.95000076,50.65000153,49.83000183,50.04000092,50.22999954,50.45000076,50.77000046,51.95000076,52.43999863,52.65000153,53.15999985,53.27000046,53.84999847,53.18000031,53.70000076
Kuwait,KWT,"Labor force participation rate, female (% of female population ages 15+) (national estimate)",SL.TLF.CACT.FE.NE.ZS,,,,,,,43.50999832,32.40999985,33.20000076,,,,,,46.81999969,,45.81000137,55.5,56.79999924,,55.95000076,59.47000122,,,,,56.84999847,49.88999939,,,,,
Latin America & Caribbean (excluding high income),LAC,"Labor force participation rate, female (% of female population ages 15+) (national estimate)",SL.TLF.CACT.FE.NE.ZS,41.50058893,36.70796668,41.0406469,45.00713438,43.36918273,,46.2444213,44.88475119,47.40757447,47.54581537,47.93863225,,49.72170891,50.56616306,50.7856877,51.20139319,52.22957901,52.05752087,51.44230544,51.8572896,52.58530193,,51.26971563,51.43001059,51.32096464,50.74939438,51.3385148,51.47414863,51.60309485,52.09993661,52.62613426,48.16836658,50.74574934
Lao PDR,LAO,"Labor force participation rate, female (% of female population ages 15+) (national estimate)",SL.TLF.CACT.FE.NE.ZS,,,,,,,80.26000214,,,,,,,,94.40000153,,66.30000305,,,,,76.66000366,,,,,,,56.09999847,,,,
Lebanon,LBN,"Labor force participation rate, female (% of female population ages 15+) (national estimate)",SL.TLF.CACT.FE.NE.ZS,,,,,,,,,,,,,,,,20.37000084,,,21.12000084,,22.35000038,,,,,,,,,,29.35000038,,
Liberia,LBR,"Labor force participation rate, female (% of female population ages 15+) (national estimate)",SL.TLF.CACT.FE.NE.ZS,,,,,,,,,,,,,,,,,,,68.19999695,,,54.68999863,,,,71.26999664,,72.16000366,43.50999832,,,,
Libya,LBY,"Labor force participation rate, female (% of female population ages 15+) (national estimate)",SL.TLF.CACT.FE.NE.ZS,,,,,,,,,,,,,,,,,,,,,,,,33.75999832,,,,,,,,,
St. Lucia,LCA,"Labor force participation rate, female (% of female population ages 15+) (national estimate)",SL.TLF.CACT.FE.NE.ZS,,,48.54000092,,61.20000076,59.59999847,58.20000076,58.09999847,59.70000076,59.5,62,62,53.61000061,,62.25,61.79999924,60.79999924,61.40000153,59.29999924,52.40999985,57.54999924,,61.81000137,64.55999756,63.43000031,,,,64.70999908,64.69000244,65.05000305,62.22000122,63.93999863
Latin America & Caribbean,LCN,"Labor force participation rate, female (% of female population ages 15+) (national estimate)",SL.TLF.CACT.FE.NE.ZS,40.62797091,36.51261219,40.49572932,44.05327578,42.62296137,,45.3759977,44.45400549,46.82450077,47.05391244,47.41490395,,49.37545519,50.14424945,50.18709348,50.6418102,51.52966162,51.41729729,50.93850408,51.37747491,52.19796465,,50.95373133,51.12506511,51.23749647,50.7165329,51.11396682,51.19447247,51.63129076,52.03448314,52.55704457,47.87233108,50.54697852
Least developed countries: UN classification,LDC,"Labor force participation rate, female (% of female population ages 15+) (national estimate)",SL.TLF.CACT.FE.NE.ZS,,,,,,,,,,,,,,,,,,,,,,,,,,,,,,,,,
Low income,LIC,"Labor force participation rate, female (% of female population ages 15+) (national estimate)",SL.TLF.CACT.FE.NE.ZS,,,,,,,,,,,,,,,,,,,,,,,,,,,,,,,,,
Liechtenstein,LIE,"Labor force participation rate, female (% of female population ages 15+) (national estimate)",SL.TLF.CACT.FE.NE.ZS,,,,,,,,,,,,52.63000107,52.61000061,51.79000092,52.61000061,52.59999847,52.79999924,52.72000122,53.88000107,52.77999878,52.59999847,52.63999939,54.65999985,54.11000061,53.52000046,53.59000015,53.65999985,53.29999924,53.09999847,,,,
Sri Lanka,LKA,"Labor force participation rate, female (% of female population ages 15+) (national estimate)",SL.TLF.CACT.FE.NE.ZS,,45.29000092,,36.90999985,37.84999847,38.04999924,35.79000092,35.47000122,35.31000137,41.38999939,37.65000153,36.49000168,31.89999962,33.59999847,35.56000137,34.72999954,34.54999924,35.49000168,36.95999908,34.25999832,35.20000076,34.31999969,34.20000076,32.95000076,35.34000015,34.54000092,35.77000046,35.77000046,36.52999878,33.47999954,34.40000153,,
Lower middle income,LMC,"Labor force participation rate, female (% of female population ages 15+) (national estimate)",SL.TLF.CACT.FE.NE.ZS,,,36.64417862,,,32.92387536,,,,,,36.50075325,42.79792636,,,,35.90432368,,,,,33.84801026,,33.5772861,,,,,,30.10298008,33.14507272,34.47403173,
Low & middle income,LMY,"Labor force participation rate, female (% of female population ages 15+) (national estimate)",SL.TLF.CACT.FE.NE.ZS,,,,,,,,,,,,50.95269044,,,,,,,,,,46.37450566,,,,,,,,,,,
Lesotho,LSO,"Labor force participation rate, female (% of female population ages 15+) (national estimate)",SL.TLF.CACT.FE.NE.ZS,,,,,,,,26.62999916,56.20000076,,67.52999878,,,,,,,31.63999939,,40.08000183,,,,,57.27999878,,,,,,48.93000031,,
Late-demographic dividend,LTE,"Labor force participation rate, female (% of female population ages 15+) (national estimate)",SL.TLF.CACT.FE.NE.ZS,,68.00840735,,,,,,,,,,66.192372,,,,,,,,,,61.4154526,,,,,,,,,,,
Lithuania,LTU,"Labor force participation rate, female (% of female population ages 15+) (national estimate)",SL.TLF.CACT.FE.NE.ZS,60.15999985,,,,,,,,53.88000107,53.43999863,55.13000107,54.97000122,53.56999969,52.61000061,55.02999878,51.47000122,50.75999832,50.20000076,50.20000076,50.52000046,52.04000092,52.52999878,52.70000076,53.20000076,52.95000076,53.88000107,54.43999863,55.65000153,55.83000183,56.52999878,57.27000046,57.34000015,57.34000015
Luxembourg,LUX,"Labor force participation rate, female (% of female population ages 15+) (national estimate)",SL.TLF.CACT.FE.NE.ZS,34.52999878,33.61000061,35.88000107,39.06000137,37.56000137,38.36000061,35.86999893,37.02999878,38.13999939,38.50999832,40.72000122,41.36999893,42.38000107,43.50999832,43.65999985,45.40999985,46.34999847,49.38999939,50.36999893,48.06000137,49.88999939,49.77999878,50.25,51.88999939,52.49000168,53.43999863,54.56000137,53.50999832,54.97000122,55.79999924,55.81999969,57.00999832,58.13999939
Latvia,LVA,"Labor force participation rate, female (% of female population ages 15+) (national estimate)",SL.TLF.CACT.FE.NE.ZS,64.05999756,,,,,,,51.47000122,52.31999969,51.63000107,49.90999985,49.02000046,50.22000122,51.38999939,50.84999847,50.75,50.68999863,52.22999954,53.11999893,55,54.52999878,53.91999817,53.06999969,54.34000015,54.04000092,53.43000031,54.11999893,54.99000168,55.18000031,55.81000137,55.68000031,56.02999878,54.31999969
"Macao SAR, China",MAC,"Labor force participation rate, female (% of female population ages 15+) (national estimate)",SL.TLF.CACT.FE.NE.ZS,,40.79999924,40.40000153,46.90999985,46.72999954,47.93999863,48.95999908,56.40999985,54.79000092,54.59999847,56.09999847,56.68999863,60.54000092,56.36000061,53.15999985,54.75999832,56.83000183,58.84999847,62.70000076,64.26000214,66.44000244,66.02999878,67.44000244,66.76000214,67.55000305,68.09999847,68.06999969,67.30999756,66.30000305,67,66.69999695,66.80000305,
St. Martin (French part),MAF,"Labor force participation rate, female (% of female population ages 15+) (national estimate)",SL.TLF.CACT.FE.NE.ZS,,,,,,,,,,,,,,,,,,,,,,,,,,,,,,,,,
Morocco,MAR,"Labor force participation rate, female (% of female population ages 15+) (national estimate)",SL.TLF.CACT.FE.NE.ZS,,25.10000038,,,,19.59000015,30.51000023,,,22.26000023,30.30999947,29,25.45999908,24.87999916,27.25,28.37000084,27.92000008,19.43000031,28.25,26.55999947,19.27000046,25.87999916,25.47999954,24.73999977,25.12000084,25.23999977,24.79000092,23.71999931,,,,,
Monaco,MCO,"Labor force participation rate, female (% of female population ages 15+) (national estimate)",SL.TLF.CACT.FE.NE.ZS,,,,,,,,,,,,,,,,,,,,,,,,,,,,39.79999924,,,,,
Moldova,MDA,"Labor force participation rate, female (% of female population ages 15+) (national estimate)",SL.TLF.CACT.FE.NE.ZS,61.63999939,,,,,,,,,,,,,54.20999908,49.09999847,47.93999863,47.50999832,42.97999954,42.15000153,41.54999924,39.68000031,38.61999893,39.27999878,38.16999817,38.56999969,40.04000092,41.16999817,41.29000092,40.40000153,42.36999893,38.18000031,36.13999939,36.36999893
Madagascar,MDG,"Labor force participation rate, female (% of female population ages 15+) (national estimate)",SL.TLF.CACT.FE.NE.ZS,,,,,,,,,,,,,,,79.23000336,,84.58999634,,,,,62.40000153,,91.30999756,,,83.58999634,,,,,,
Maldives,MDV,"Labor force participation rate, female (% of female population ages 15+) (national estimate)",SL.TLF.CACT.FE.NE.ZS,,20.20999908,,,,,28.12999916,,,,,37.43000031,,,,,,,,,38.18999863,,,,,48.00999832,,43.45000076,,,78.59999847,,
Middle East & North Africa,MEA,"Labor force participation rate, female (% of female population ages 15+) (national estimate)",SL.TLF.CACT.FE.NE.ZS,,,,,,,,,,,,,,,,,,20.04436932,20.65858547,20.08739006,19.52914361,19.99148003,20.55000898,20.11184997,20.44258881,18.74404865,21.46261013,21.87628998,20.21716711,,,,
Mexico,MEX,"Labor force participation rate, female (% of female population ages 15+) (national estimate)",SL.TLF.CACT.FE.NE.ZS,,21.55999947,35.70000076,36.56999969,38.81000137,38.11000061,39.47999954,39.58000183,41.72000122,41.36999893,40.61000061,40.99000168,40.36000061,38.13999939,38.77000046,39.93000031,40.90999985,42.09999847,42.43999863,42.27000046,42.75999832,42.52000046,42.84000015,43.84000015,43.86999893,43.04000092,43.34000015,43.38999939,42.95000076,43.54999924,44.77000046,40.93000031,43.61999893
Marshall Islands,MHL,"Labor force participation rate, female (% of female population ages 15+) (national estimate)",SL.TLF.CACT.FE.NE.ZS,,,,,,,,,,,,,,,,,,,,,,,29.04000092,,,,,,,,,,
Middle income,MIC,"Labor force participation rate, female (% of female population ages 15+) (national estimate)",SL.TLF.CACT.FE.NE.ZS,,,,,,,,,,,,51.013993,,,,,,,,,,46.55727806,,,,,,,,,,,
North Macedonia,MKD,"Labor force participation rate, female (% of female population ages 15+) (national estimate)",SL.TLF.CACT.FE.NE.ZS,,,45.68999863,,,38,,42.95000076,41.20000076,42.20000076,40.83000183,41.70000076,45.5,41.45999908,43.38999939,,,41.93000031,42.99000168,42.72000122,42.61000061,42.90999985,43.50999832,43.04000092,44.49000168,44,43.45999908,42.31000137,42.72000122,43.04000092,44.93000031,43.70000076,42.88000107
Mali,MLI,"Labor force participation rate, female (% of female population ages 15+) (national estimate)",SL.TLF.CACT.FE.NE.ZS,,,,,,,,,,,,,,,,36.79999924,,66.30000305,77.30000305,,,50.36999893,,,71.19999695,60.72000122,61.75999832,49.95000076,58.56999969,51.59999847,,51.54000092,
Malta,MLT,"Labor force participation rate, female (% of female population ages 15+) (national estimate)",SL.TLF.CACT.FE.NE.ZS,18.44000053,18.67000008,,,19.13999939,23.84000015,,25.42000008,25.63999939,25.87999916,21.45000076,29.70999908,29.54999924,30.95999908,30.78000069,28.57999992,30.28000069,30.44000053,32.34000015,33.45000076,33.99000168,34.77000046,36.06000137,39.09000015,41.20000076,42.79999924,43.52999878,45.20999908,46.81999969,49.59000015,51.27000046,52.88999939,53.56000137
Myanmar,MMR,"Labor force participation rate, female (% of female population ages 15+) (national estimate)",SL.TLF.CACT.FE.NE.ZS,,24.89999962,,,,,,,,,,,,,,,,,,,,,,,,,51.59999847,,48.50999832,49.27999878,47.13999939,45.63000107,
Middle East & North Africa (excluding high income),MNA,"Labor force participation rate, female (% of female population ages 15+) (national estimate)",SL.TLF.CACT.FE.NE.ZS,,,,,,,,,,,,,,,,,21.04109729,18.61853813,19.43781264,18.71052279,17.74097424,18.37310891,19.09880263,18.86213362,19.0648106,17.33569619,19.45299066,19.51036641,17.96485444,,,,
Montenegro,MNE,"Labor force participation rate, female (% of female population ages 15+) (national estimate)",SL.TLF.CACT.FE.NE.ZS,,,,,,,,,,,,,,,,,,,43.90000153,43.90000153,43.29999924,42.18999863,42.11000061,43.49000168,43.68000031,46.22999954,47.63999939,47.58000183,47.45999908,48.09000015,49.90999985,46.40000153,
Mongolia,MNG,"Labor force participation rate, female (% of female population ages 15+) (national estimate)",SL.TLF.CACT.FE.NE.ZS,,,,,,,,,,55.24000168,,55.5,,36.06999969,56,57.52000046,56.33000183,64.30000305,55.70000076,54.08000183,53.84999847,54.25999832,55.02999878,55.68000031,54,54.5,54.02999878,52.93000031,53.95000076,52.15000153,55.93999863,53.81999969,
Northern Mariana Islands,MNP,"Labor force participation rate, female (% of female population ages 15+) (national estimate)",SL.TLF.CACT.FE.NE.ZS,,75.33000183,,,,,74.05000305,,,,,,,,81.33000183,,,,,,,66.55999756,,,,,,,,,,,
Mozambique,MOZ,"Labor force participation rate, female (% of female population ages 15+) (national estimate)",SL.TLF.CACT.FE.NE.ZS,,,,,,,,,86.95999908,,,,,,,,,,,,,,,,,,78.13999939,,,,,,
Mauritania,MRT,"Labor force participation rate, female (% of female population ages 15+) (national estimate)",SL.TLF.CACT.FE.NE.ZS,,,,,,,,,,,,28.5,,,,,,,,,,,,28.03000069,,,,,27.21999931,,,,
Mauritius,MUS,"Labor force participation rate, female (% of female population ages 15+) (national estimate)",SL.TLF.CACT.FE.NE.ZS,43.29999924,34.65000153,40.79999924,41.61000061,42.33000183,43.18000031,38.79999924,,,,,38.52999878,36.79000092,38.40999985,41.81000137,40.36000061,41.81999969,41.81000137,40.77000046,41.66999817,42.13000107,43.61999893,42.59999847,42.91999817,44.83000183,45.04999924,46.18000031,45.13000107,45.36000061,45.18999863,45.93999863,58.27000046,
Malawi,MWI,"Labor force participation rate, female (% of female population ages 15+) (national estimate)",SL.TLF.CACT.FE.NE.ZS,,,,,,,,,,75.48000336,,,,,,88.09999847,78.08000183,,,,,,68.73000336,,72.77999878,,,,63.49000168,,,63.22999954,
Malaysia,MYS,"Labor force participation rate, female (% of female population ages 15+) (national estimate)",SL.TLF.CACT.FE.NE.ZS,46.72000122,47.75999832,35.09000015,46.93999863,46.52000046,,44.68000031,46.75999832,45.95000076,44.38999939,44.66999817,47.56999969,46.83000183,46.68999863,47.72999954,47.24000168,45.93000031,,,,,,48.02999878,,,53.68000031,54.09999847,54.31000137,54.72999954,55.22999954,55.61999893,55.34999847,
North America,NAC,"Labor force participation rate, female (% of female population ages 15+) (national estimate)",SL.TLF.CACT.FE.NE.ZS,57.47040803,57.59967606,57.50283961,57.80399522,57.87601845,58.72594782,58.89279471,59.15253426,59.68838761,59.70266671,59.91782051,59.88588104,59.78598127,59.75006538,59.75049107,59.44640327,59.50317676,59.6160283,59.63563385,59.78405486,59.52134259,59.00877731,58.51710823,58.13843191,57.72245475,57.44403283,57.14940436,57.26434909,57.50181554,57.52163906,57.85370858,56.55005035,56.56988162
Namibia,NAM,"Labor force participation rate, female (% of female population ages 15+) (national estimate)",SL.TLF.CACT.FE.NE.ZS,,,49.04000092,,,48.18000031,,,46.91999817,,,47.52999878,49.33000183,,,40.79999924,,,,49.90000153,,55.09999847,,53.15000153,58.65000153,57.20999908,,55.61999893,,55.41999817,,,
New Caledonia,NCL,"Labor force participation rate, female (% of female population ages 15+) (national estimate)",SL.TLF.CACT.FE.NE.ZS,,,,,,,,42.08000183,,,,,,,,,,,,,61.25999832,,,,,58.90999985,,,,,53.36999893,53.38999939,
Niger,NER,"Labor force participation rate, female (% of female population ages 15+) (national estimate)",SL.TLF.CACT.FE.NE.ZS,,,,,,,,,,,,,39.34000015,,,,39.02000046,,,,,,69.19000244,20.26000023,,62.97000122,,,15.06000042,,,,
Nigeria,NGA,"Labor force participation rate, female (% of female population ages 15+) (national estimate)",SL.TLF.CACT.FE.NE.ZS,,,40.29999924,,,,,,,,,,,,,48.45000076,,,,,,,56.90000153,,51.77999878,,,,,,52.13999939,,
Nicaragua,NIC,"Labor force participation rate, female (% of female population ages 15+) (national estimate)",SL.TLF.CACT.FE.NE.ZS,38.22999954,39.77000046,39.68999863,,,,33.41999817,33.74000168,,34.29999924,34.61000061,44.5,42.04000092,,46.40000153,44.59999847,44.79999924,43.47999954,42.20000076,43.70000076,,,,66.68000031,64.76000214,48.04999924,,,,,,,
Netherlands,NLD,"Labor force participation rate, female (% of female population ages 15+) (national estimate)",SL.TLF.CACT.FE.NE.ZS,42.25,43.88999939,44.79000092,46.11000061,46.54000092,47.70000076,48.29999924,49.29000092,50.63999939,51.47000122,53.04999924,54.13999939,55.09999847,55.88000107,56.47000122,56.93000031,55.61999893,56.13999939,57.40000153,58.33000183,58.79000092,58.70000076,58.75999832,59.29000092,59.24000168,58.45000076,58.79999924,58.68000031,58.79999924,59.09999847,59.81000137,59.88000107,62.77999878
Norway,NOR,"Labor force participation rate, female (% of female population ages 15+) (national estimate)",SL.TLF.CACT.FE.NE.ZS,62.40999985,62.38000107,62.33000183,62.22999954,62.25,62.68999863,64.54000092,66.11000061,67.75,69.18000031,69.23999786,69.20999908,69.5,70.48000336,69.11000061,69.08999634,68.51999664,68.26000214,69.38999939,70.59999847,69.73999786,68.63999939,68.62999725,68.44999695,68.33000183,62.81999969,62.25,62.06000137,61.43999863,61.75999832,62.11999893,62,61.02999878
Nepal,NPL,"Labor force participation rate, female (% of female population ages 15+) (national estimate)",SL.TLF.CACT.FE.NE.ZS,,,48.72999954,,,,,66.5,,,81.87999725,,,,94,,,,,79.59999847,,,,,77.5,79.69999695,79.80000305,,27.90999985,,,,
Nauru,NRU,"Labor force participation rate, female (% of female population ages 15+) (national estimate)",SL.TLF.CACT.FE.NE.ZS,,,,,,,,,,,,,,69.56999969,,,,,,,,,49.29000092,,56.15000153,,,,,,,,
New Zealand,NZL,"Labor force participation rate, female (% of female population ages 15+) (national estimate)",SL.TLF.CACT.FE.NE.ZS,52.97999954,53.95999908,54.27999878,54.00999832,53.91999817,55.04999924,55.81000137,57.16999817,57.06999969,56.97000122,57.27000046,57.40999985,58.27000046,58.97999954,59.29999924,59.77999878,60.79000092,61.29000092,61.66999817,61.93999863,61.84999847,61.59000015,62.00999832,62.08000183,62.45999908,63.38999939,63.40999985,64.62999725,65.51999664,65.73999786,65.80999756,65.18000031,66.12000275
OECD members,OED,"Labor force participation rate, female (% of female population ages 15+) (national estimate)",SL.TLF.CACT.FE.NE.ZS,48.82987084,47.01774733,48.4688466,48.97500983,48.39192357,49.30877946,49.37758888,49.15646976,49.51679023,49.5356649,49.77256443,50.01715391,49.90549853,49.88744852,50.02512586,49.94680395,50.27931096,50.52018373,50.62072277,50.87994159,51.12159123,51.20207751,51.28502609,51.52019327,51.61839276,51.60335583,51.68258429,51.95656296,52.21414219,52.4910557,52.87022675,51.04071905,52.98238996
Oman,OMN,"Labor force participation rate, female (% of female population ages 15+) (national estimate)",SL.TLF.CACT.FE.NE.ZS,,,,,,,,,,,,12.69999981,,,24.61000061,,,,,24.87000084,,,,,20.47999954,,,29.75,,35.59999847,,38.74000168,
Other small states,OSS,"Labor force participation rate, female (% of female population ages 15+) (national estimate)",SL.TLF.CACT.FE.NE.ZS,,,,,,,,,,,,,,,,,,,,,,,,,,,,,,,,,
Pakistan,PAK,"Labor force participation rate, female (% of female population ages 15+) (national estimate)",SL.TLF.CACT.FE.NE.ZS,23.10000038,11.31000042,13.96000004,13.96000004,14.31999969,14.72999954,12.67000008,,14.97000027,15.27000046,,16.26000023,,16.23999977,,17.95999908,,19.07999992,19.46999931,19.97999954,21.04999924,22.06999969,22.37999916,,22.87999916,23.21999931,24.21999931,,,21.86000061,23.52000046,,24.53000069
Panama,PAN,"Labor force participation rate, female (% of female population ages 15+) (national estimate)",SL.TLF.CACT.FE.NE.ZS,37.91999817,32.24000168,38.22999954,,40.61999893,41.43999863,42.54000092,,43.13000107,42.52000046,43.20999908,40.90000153,39.40000153,45.84999847,46.36000061,46.47000122,47.25,45.63999939,46.16999817,47.27999878,48.27000046,47.06999969,45.56999969,47.86999893,49.15999985,49.63000107,50.29999924,50.63999939,50.72999954,52.36000061,54.54000092,53.18000031,46.70999908
Peru,PER,"Labor force participation rate, female (% of female population ages 15+) (national estimate)",SL.TLF.CACT.FE.NE.ZS,48.18000031,47.79999924,43.54999924,43.79999924,29.75,46.47000122,49.47999954,,54.61000061,55.52000046,58.09000015,53.97999954,58.95000076,68.36000061,61.81000137,66.94000244,64.29000092,67.54000092,70.11000061,70.26000214,70.54000092,72,71.18000031,70.86000061,70.15000153,69.23999786,67.58999634,67.66000366,69.34999847,69.80999756,69.98999786,59.81000137,64.76999664
Philippines,PHL,"Labor force participation rate, female (% of female population ages 15+) (national estimate)",SL.TLF.CACT.FE.NE.ZS,47.34999847,47.52999878,47.04999924,47.83000183,47.79999924,47.31999969,49.04000092,48.95999908,48.93000031,49.29000092,49.95000076,48.36999893,47.61000061,51.70000076,46.93000031,46.59999847,47.34000015,47.47999954,47.47999954,46.95000076,47.75,48,48.83000183,48.36000061,48.25,49.02999878,48.56999969,48.06999969,44.91999817,45.38999939,46.41999817,42.52999878,
Palau,PLW,"Labor force participation rate, female (% of female population ages 15+) (national estimate)",SL.TLF.CACT.FE.NE.ZS,,,,,,,59.50999832,,,,,48.97999954,,,,,58.09999847,,,,,,,,,55.56000137,,,,,,,
Papua New Guinea,PNG,"Labor force participation rate, female (% of female population ages 15+) (national estimate)",SL.TLF.CACT.FE.NE.ZS,,,,,,,,,,,,71.33999634,,,,,,,,,,47.68000031,,,,,,,,,,,
Poland,POL,"Labor force participation rate, female (% of female population ages 15+) (national estimate)",SL.TLF.CACT.FE.NE.ZS,,,,62.59000015,62.13000107,62.09000015,61.02000046,60.5,49.97999954,49.74000168,49.40999985,50.11000061,50.31000137,49.02000046,48,47.36999893,47.68000031,46.59999847,46.25999832,46.61000061,47.27000046,47.59000015,47.75,48.13999939,48.15999985,48.5,48.43000031,48.34000015,48.43000031,48.45999908,48.15999985,47.90000153,49.52000046
Pre-demographic dividend,PRE,"Labor force participation rate, female (% of female population ages 15+) (national estimate)",SL.TLF.CACT.FE.NE.ZS,,,,,,,,,,,,,,,,,,,,,,,,,,,,,,,,,
Puerto Rico,PRI,"Labor force participation rate, female (% of female population ages 15+) (national estimate)",SL.TLF.CACT.FE.NE.ZS,,30.90999985,31.21999931,32.11000061,34.20000076,,33.65999985,34.25,35.16999817,35.11999893,36.66999817,34.90000153,,36.25999832,37.00999832,36.56000137,37.86999893,38.24000168,37.09000015,36.5,,34.09999847,33.29999924,33.5,,,31.93000031,,,,,,
"Korea, Dem. People's Rep.",PRK,"Labor force participation rate, female (% of female population ages 15+) (national estimate)",SL.TLF.CACT.FE.NE.ZS,,,,,,,,,,,,,,,,,,,,,,,,,,,,,,,,,
Portugal,PRT,"Labor force participation rate, female (% of female population ages 15+) (national estimate)",SL.TLF.CACT.FE.NE.ZS,47.15999985,47.52000046,49.88999939,49.45999908,49.47999954,49.56999969,49.47000122,49.34000015,49.43999863,51.88000107,52.29999924,52.70999908,53.45000076,54.06999969,54.77000046,54.29000092,55.29000092,55.54000092,55.95000076,55.81999969,55.65000153,55.86999893,54.61999893,54.68000031,54.13999939,53.81999969,53.75,53.5,54.06999969,54.47999954,54.77999878,53.61000061,53.81999969
Paraguay,PRY,"Labor force participation rate, female (% of female population ages 15+) (national estimate)",SL.TLF.CACT.FE.NE.ZS,53.38000107,50.77999878,48.15999985,50.68999863,52.88000107,52.75,63.20000076,57.70000076,,48.13000107,47.79000092,53.5,52.56999969,51.88999939,51.72999954,57.02000046,55.75999832,51.25,54.27999878,53.86999893,55.18999863,53.02999878,54.68000031,59.90999985,57.88999939,54.66999817,55.13000107,56.52999878,56.84999847,59.45999908,60.34999847,57.25999832,59.95000076
West Bank and Gaza,PSE,"Labor force participation rate, female (% of female population ages 15+) (national estimate)",SL.TLF.CACT.FE.NE.ZS,,,,,,,,,,,,12.30000019,9.93999958,9.949999809,12.35000038,12.68999958,12.59000015,13.30000019,14.82999992,14.52000046,14.38000011,13.82999992,15.39000034,15.92000008,15.56999969,16.29000092,17.69000053,17.12000084,17.34000015,17.34000015,18.04000092,16.12000084,17.20999908
Pacific island small states,PSS,"Labor force participation rate, female (% of female population ages 15+) (national estimate)",SL.TLF.CACT.FE.NE.ZS,,,,,,,,,,,,,,,,,,,,,,,,,,,,,,,,,
Post-demographic dividend,PST,"Labor force participation rate, female (% of female population ages 15+) (national estimate)",SL.TLF.CACT.FE.NE.ZS,50.03720244,49.7950717,50.29936131,50.47328977,50.37053949,50.79754457,51.67500444,51.0240598,51.31035286,52.0948738,51.98240969,51.92100556,52.23907101,52.52669018,52.68327434,52.61761337,53.05742671,53.14370073,53.32959691,53.61034136,53.67538506,53.38309633,53.57775388,53.82376421,53.6727924,53.8246676,54.13139604,54.24464781,54.53844744,54.83660108,54.90626597,53.82032209,54.34608363
French Polynesia,PYF,"Labor force participation rate, female (% of female population ages 15+) (national estimate)",SL.TLF.CACT.FE.NE.ZS,,,,,,,,48.22999954,,,,,,47.58000183,,,,,47.20999908,,,,,49.09000015,,,,,,,,,
Qatar,QAT,"Labor force participation rate, female (% of female population ages 15+) (national estimate)",SL.TLF.CACT.FE.NE.ZS,,,,,,,,,33.43999863,,,,,,,40.59999847,,,49.34999847,,49.13000107,52.20999908,52.11999893,52.40000153,48.59999847,54.97999954,57.84999847,60.38999939,58.43000031,57.90000153,57.93999863,58.40000153,
Romania,ROU,"Labor force participation rate, female (% of female population ages 15+) (national estimate)",SL.TLF.CACT.FE.NE.ZS,,,,51.61999893,,,60.45000076,57.38999939,59.68000031,58.59999847,58.68000031,58.20000076,57.08000183,51.27999878,49.06999969,48.70999908,46.86999893,47.84000015,47.45999908,46.81000137,46.63000107,46.18000031,46.09000015,46.24000168,45.97999954,46.15999985,45.22000122,44.43000031,45.88999939,45.63000107,45.56000137,45.33000183,41.02000046
Russian Federation,RUS,"Labor force participation rate, female (% of female population ages 15+) (national estimate)",SL.TLF.CACT.FE.NE.ZS,60.95000076,,,64.06999969,61.56000137,59.06000137,58.29999924,57.24000168,55.93000031,55.04999924,59.70999908,60.02999878,58.91999817,60.06999969,60.04000092,60.83000183,61.45999908,61.95999908,62.40999985,62.22999954,62.54000092,62.27000046,63.00999832,63.27000046,63.02000046,63.34000015,63.45000076,63.83000183,55.65000153,55.86000061,55.31000137,55.11999893,
Rwanda,RWA,"Labor force participation rate, female (% of female population ages 15+) (national estimate)",SL.TLF.CACT.FE.NE.ZS,47.95999908,,,,,,,85.08999634,,,,87.19999695,,77.36000061,,,84.59999847,,,,,,,71.75,,83.72000122,,,54.79999924,47.66999817,46.41999817,50.77000046,
South Asia,SAS,"Labor force participation rate, female (% of female population ages 15+) (national estimate)",SL.TLF.CACT.FE.NE.ZS,,,34.74074887,,,29.37212226,,,,,,31.75186127,37.59238564,,,,32.27352329,,,,,26.76049842,,23.41050349,,,,,,21.15385854,21.97159382,25.98748225,
Saudi Arabia,SAU,"Labor force participation rate, female (% of female population ages 15+) (national estimate)",SL.TLF.CACT.FE.NE.ZS,,,,14.48999977,,,,,,,16.84000015,15.90999985,15.53999996,15.51000023,,,,18.56999969,18.13999939,17.79000092,,,19.76000023,20.29000092,,20.39999962,21.39999962,22.22999954,20.09000015,22,24.55999947,29.51000023,
Sudan,SDN,"Labor force participation rate, female (% of female population ages 15+) (national estimate)",SL.TLF.CACT.FE.NE.ZS,,23.62000084,,,25.94000053,,,29.10000038,,,,,,,,,,,,31.39999962,23,,28.32999992,,,,,,,,,,
Senegal,SEN,"Labor force participation rate, female (% of female population ages 15+) (national estimate)",SL.TLF.CACT.FE.NE.ZS,,,54.5,,,,,,,,,,,,,,,33.93999863,,,,,44.33000183,,,,34.5,39.34000015,36.20999908,37.95000076,37.47999954,,
Singapore,SGP,"Labor force participation rate, female (% of female population ages 15+) (national estimate)",SL.TLF.CACT.FE.NE.ZS,48.43000031,,37.88000107,42.52999878,41.36999893,41.68999863,40.09999847,41,40.06999969,39.09999847,50.68999863,40.58000183,51.59000015,50.59000015,50.90999985,51.29999924,52,54.25,53.08000183,55.61000061,55.15999985,56.45999908,56.97000122,57.68999863,58.09999847,58.63999939,60.41999817,60.38000107,59.81999969,60.20000076,61.11999893,61.16999817,63.84999847
Solomon Islands,SLB,"Labor force participation rate, female (% of female population ages 15+) (national estimate)",SL.TLF.CACT.FE.NE.ZS,,,,,,,,,,,,,,,,,,,,,62.22999954,,,,83.90000153,,,,,,,,
Sierra Leone,SLE,"Labor force participation rate, female (% of female population ages 15+) (national estimate)",SL.TLF.CACT.FE.NE.ZS,,,,,,,,,,,,,,,64.66000366,65.93000031,,,,,,,,,,56.34000015,,,,51.58000183,,,
El Salvador,SLV,"Labor force participation rate, female (% of female population ages 15+) (national estimate)",SL.TLF.CACT.FE.NE.ZS,,50.95999908,49.68999863,40.45999908,42.20000076,43.59000015,41.75999832,40.58000183,40.77000046,44.68999863,44.5,44.29999924,44.5,43.93000031,45.81999969,44.13999939,44.70000076,45.83000183,45.86000061,47.27999878,47.59000015,46.79000092,46.56999969,47.38000107,48.61000061,47.02000046,45.97999954,46.52999878,45.74000168,45.49000168,46.31000137,45.99000168,
San Marino,SMR,"Labor force participation rate, female (% of female population ages 15+) (national estimate)",SL.TLF.CACT.FE.NE.ZS,50.97000122,51.54000092,52.06999969,53.16999817,54.22999954,,54.56000137,55.41999817,55.95999908,56.45000076,57.31999969,,54.24000168,54.45000076,53.79999924,,,,,,,,,,,,60,,,,87.51000214,,
Somalia,SOM,"Labor force participation rate, female (% of female population ages 15+) (national estimate)",SL.TLF.CACT.FE.NE.ZS,,,,,,,,,,,,,,,,,,,,,,,,,,,,,,,21.45999908,,
Serbia,SRB,"Labor force participation rate, female (% of female population ages 15+) (national estimate)",SL.TLF.CACT.FE.NE.ZS,,,,,,,,,,,,,,,,47,44.59999847,42.52999878,42.81999969,43.38999939,41.36000061,39.04000092,37.99000168,38.29999924,40.45000076,43.81999969,43.45999908,45.43999863,46.29000092,46.68999863,47.09999847,46.50999832,49.75
Sub-Saharan Africa (excluding high income),SSA,"Labor force participation rate, female (% of female population ages 15+) (national estimate)",SL.TLF.CACT.FE.NE.ZS,,,,,,,,,,,,,,,,,,,,,,,,,,,,,,,,,
South Sudan,SSD,"Labor force participation rate, female (% of female population ages 15+) (national estimate)",SL.TLF.CACT.FE.NE.ZS,,,,,,,,,,,,,,,,,,,,71.58000183,,,,,,,,,,,,,
Sub-Saharan Africa,SSF,"Labor force participation rate, female (% of female population ages 15+) (national estimate)",SL.TLF.CACT.FE.NE.ZS,,,,,,,,,,,,,,,,,,,,,,,,,,,,,,,,,
Small states,SST,"Labor force participation rate, female (% of female population ages 15+) (national estimate)",SL.TLF.CACT.FE.NE.ZS,,,,,,,,,,,,,,,,,,,,,,,,,,,,,,,,,
Sao Tome and Principe,STP,"Labor force participation rate, female (% of female population ages 15+) (national estimate)",SL.TLF.CACT.FE.NE.ZS,,,36.75,,,,,,,,,33.5,,,,,,28.76000023,,,,,,,,,,,,,,,
Suriname,SUR,"Labor force participation rate, female (% of female population ages 15+) (national estimate)",SL.TLF.CACT.FE.NE.ZS,36.56000137,43.93000031,,38.56000137,31.69000053,33.66999817,32.63999939,,,,33.13999939,,,,,,,,,,50.02999878,47.66999817,49.34000015,49.95999908,48.34999847,50.41999817,47.65000153,45.34000015,,,,,
Slovak Republic,SVK,"Labor force participation rate, female (% of female population ages 15+) (national estimate)",SL.TLF.CACT.FE.NE.ZS,,,59.70000076,,55.11999893,51.36000061,51.49000168,52.27000046,51.77000046,51.16999817,51.63999939,52.29000092,52.88999939,52.38999939,52.66999817,52.56999969,51.31000137,50.72000122,50.59999847,51,50.29999924,50.81000137,50.13999939,50.68000031,51.02999878,51.08000183,51.95000076,52.54999924,52.66999817,52.27999878,52.29999924,51.91999817,55.13000107
Slovenia,SVN,"Labor force participation rate, female (% of female population ages 15+) (national estimate)",SL.TLF.CACT.FE.NE.ZS,,,54.06000137,,46.79000092,51.29999924,52.13000107,51.18000031,52.34999847,53.36999893,51.45000076,51.41999817,51.13000107,51.90000153,50.18000031,52.83000183,52.88999939,53.25999832,53.31999969,53.54000092,53.59999847,53.25,52.33000183,52.22000122,51.59999847,52.22000122,51.88999939,52.00999832,53.81000137,53.75,53.22000122,53.16999817,54.04999924
Sweden,SWE,"Labor force participation rate, female (% of female population ages 15+) (national estimate)",SL.TLF.CACT.FE.NE.ZS,82.22000122,71.25,70.62999725,69.26000214,67.63999939,66.76000214,66.18000031,57.36000061,56.45999908,54.99000168,56.41999817,56.45999908,58.61999893,58.72000122,58.90999985,58.56999969,58.77000046,59.24000168,59.68000031,59.79999924,59.38999939,67.11000061,67.86000061,68.26000214,68.68000031,69.11000061,69.5,69.66999817,70.22000122,70.63999939,71.04000092,70.38999939,63.25
Eswatini,SWZ,"Labor force participation rate, female (% of female population ages 15+) (national estimate)",SL.TLF.CACT.FE.NE.ZS,,,,,,,,,31.89999962,,,,,,,,,,,,,,,,,,,47.13000107,,,,,
Sint Maarten (Dutch part),SXM,"Labor force participation rate, female (% of female population ages 15+) (national estimate)",SL.TLF.CACT.FE.NE.ZS,,,,,,,,,,,,,,,,,,,,,,,,,,,,,,,,,
Seychelles,SYC,"Labor force participation rate, female (% of female population ages 15+) (national estimate)",SL.TLF.CACT.FE.NE.ZS,,,,,,59.13999939,,,,,,,,,,,,,,,,,61.90999985,,,66.84999847,67.23000336,66.20999908,66.86000061,66.36000061,63.36000061,64.29000092,
Syrian Arab Republic,SYR,"Labor force participation rate, female (% of female population ages 15+) (national estimate)",SL.TLF.CACT.FE.NE.ZS,8.25,,10.23999977,,19.5,,20.14999962,,11.30000019,16.70999908,20,20.62999916,21.31999969,23.45999908,18.84000015,,,14.96000004,14.07999992,14.72000027,13.01000023,12.93999958,14.80000019,,,,,,,,,,
Turks and Caicos Islands,TCA,"Labor force participation rate, female (% of female population ages 15+) (national estimate)",SL.TLF.CACT.FE.NE.ZS,,,,,,,,,,,,,,,,,,,,,,,,,,,,,,,,,
Chad,TCD,"Labor force participation rate, female (% of female population ages 15+) (national estimate)",SL.TLF.CACT.FE.NE.ZS,,,,,64.73000336,,,,,,,,,,,,,,,,,,,,,,,,,49.29000092,,,
East Asia & Pacific (IDA & IBRD countries),TEA,"Labor force participation rate, female (% of female population ages 15+) (national estimate)",SL.TLF.CACT.FE.NE.ZS,,68.14965941,,,,,,,,,,66.95442335,,,,,,,,,,61.98438382,,,,,,,,,,,
Europe & Central Asia (IDA & IBRD countries),TEC,"Labor force participation rate, female (% of female population ages 15+) (national estimate)",SL.TLF.CACT.FE.NE.ZS,,,,,,,55.49884228,,49.7676174,51.61126756,52.61675951,51.70051382,52.12642287,51.8396903,50.9897153,50.90509191,50.25733922,50.09502124,50.90148577,51.70957717,52.14266489,51.61004516,52.79999616,52.98465795,52.31470269,53.07642317,54.07237311,53.48652231,51.15126328,50.23505943,50.34520958,50.31197781,
Togo,TGO,"Labor force participation rate, female (% of female population ages 15+) (national estimate)",SL.TLF.CACT.FE.NE.ZS,,,,,,,,,,,,,,,,,,81.06999969,,,,,76.40000153,,,,61.24000168,,55.91999817,,,,
Thailand,THA,"Labor force participation rate, female (% of female population ages 15+) (national estimate)",SL.TLF.CACT.FE.NE.ZS,76.81999969,76.29000092,,,,65.16000366,,66.94000244,67.44000244,65.79000092,64.18000031,64.88999939,65.04000092,,65.04000092,65.12999725,66.30000305,65.11000061,65.94999695,65.75,64.66000366,63.66999817,65.90000153,65.27999878,62.06999969,61.52999878,61.09999847,60.18000031,59.38999939,59.65000153,59.00999832,59.18999863,
Tajikistan,TJK,"Labor force participation rate, female (% of female population ages 15+) (national estimate)",SL.TLF.CACT.FE.NE.ZS,,,,,,,,28.17000008,,,,,,,44.38000107,52.25,,,,,29.20000076,,,,,,,32.63999939,,,,,
Turkmenistan,TKM,"Labor force participation rate, female (% of female population ages 15+) (national estimate)",SL.TLF.CACT.FE.NE.ZS,,,,,,,,,,,,,,,,,,,,,,,,,,,,,,,,,
Latin America & the Caribbean (IDA & IBRD countries),TLA,"Labor force participation rate, female (% of female population ages 15+) (national estimate)",SL.TLF.CACT.FE.NE.ZS,40.60060931,36.52727897,40.56215881,44.15672937,42.69152401,,45.47117787,44.52955652,46.92066416,47.1645475,47.51420188,,49.36130468,50.25201896,50.29604469,51.08444582,51.64389203,51.85065345,51.28778794,51.73680364,52.4119202,,51.27205654,51.09763226,51.0812437,50.71091241,51.25393813,51.1882663,51.62655113,52.03033093,52.55350734,47.87050391,50.54697852
Timor-Leste,TLS,"Labor force participation rate, female (% of female population ages 15+) (national estimate)",SL.TLF.CACT.FE.NE.ZS,,,,,,,,,,,,,39.15999985,,,54.79999924,,,,,,26.79999924,,,43.79999924,,,61.36999893,,,,,
Middle East & North Africa (IDA & IBRD countries),TMN,"Labor force participation rate, female (% of female population ages 15+) (national estimate)",SL.TLF.CACT.FE.NE.ZS,,,,,,,,,,,,,,,,,21.14632278,18.68074011,19.48648466,18.76081438,17.7759902,18.42205688,19.14935688,18.89555165,19.11036478,17.34729823,19.47740973,19.54034574,17.97356226,,,,
Tonga,TON,"Labor force participation rate, female (% of female population ages 15+) (national estimate)",SL.TLF.CACT.FE.NE.ZS,,36.04999924,,,,45.36000061,,,,,,,,,34.20000076,,,,,,,,,,,,,,,42.83000183,,,
South Asia (IDA & IBRD),TSA,"Labor force participation rate, female (% of female population ages 15+) (national estimate)",SL.TLF.CACT.FE.NE.ZS,,,34.74074887,,,29.37212226,,,,,,31.75186127,37.59238564,,,,32.27352329,,,,,26.76049842,,23.41050349,,,,,,21.15385854,21.97159382,25.98748225,
Sub-Saharan Africa (IDA & IBRD countries),TSS,"Labor force participation rate, female (% of female population ages 15+) (national estimate)",SL.TLF.CACT.FE.NE.ZS,,,,,,,,,,,,,,,,,,,,,,,,,,,,,,,,,
Trinidad and Tobago,TTO,"Labor force participation rate, female (% of female population ages 15+) (national estimate)",SL.TLF.CACT.FE.NE.ZS,41.18000031,37.86999893,45.04999924,44.20000076,43.45999908,44.29999924,44.95000076,46.79999924,45.90000153,46.95999908,46.61000061,47.02000046,46.79999924,47.45999908,48.90000153,50.79999924,52.40000153,53.13999939,51.72999954,52.54999924,51.09999847,49.65999985,48.36999893,50.79000092,50.41999817,51.22000122,49.36999893,49.59999847,,,,,
Tunisia,TUN,"Labor force participation rate, female (% of female population ages 15+) (national estimate)",SL.TLF.CACT.FE.NE.ZS,20.31999969,,,,,22.87999916,,,23.67000008,,,,,,17.5,,23.62000084,24.38999939,24.48999977,24.72999954,24.79999924,24.85000038,24.87999916,25.77000046,25.57999992,21.13999939,26.03000069,26.60000038,26.48999977,,,,
Turkiye,TUR,"Labor force participation rate, female (% of female population ages 15+) (national estimate)",SL.TLF.CACT.FE.NE.ZS,37.36000061,34.15000153,34.13999939,32.72000122,26.79000092,31.28000069,30.92000008,30.56999969,28.80999947,29.26000023,29.98999977,26.56999969,27.13999939,27.90999985,26.57999992,23.34000015,23.29000092,23.06999969,23.13999939,24.02000046,25.52000046,27.11000061,28.40999985,29.04000092,30.29999924,30.23999977,31.40999985,32.41999817,33.52999878,34.11999893,34.31000137,30.84000015,
Tuvalu,TUV,"Labor force participation rate, female (% of female population ages 15+) (national estimate)",SL.TLF.CACT.FE.NE.ZS,,,,,,,,,,,,,,47.00999832,,,,,,,,,,,,,,38.34000015,,,,,
Tanzania,TZA,"Labor force participation rate, female (% of female population ages 15+) (national estimate)",SL.TLF.CACT.FE.NE.ZS,,,,,,,,,,,,,84.41000366,,,,,87.15000153,,,,,80.87999725,80.05999756,73.95999908,80.12999725,,,,,,76.16000366,
Uganda,UGA,"Labor force participation rate, female (% of female population ages 15+) (national estimate)",SL.TLF.CACT.FE.NE.ZS,,,62.02000046,,,,,,,,,,,81.90000153,37.38000107,,75.58000183,,,,84.33000183,,,65.72000122,83.75,,,,67.33000183,,,,
Ukraine,UKR,"Labor force participation rate, female (% of female population ages 15+) (national estimate)",SL.TLF.CACT.FE.NE.ZS,53.52000046,,,,,,64.90000153,,,64.37000275,54.02999878,,58.00999832,58.06999969,57.88000107,57.65000153,57.02999878,56.77000046,57.11000061,57.54999924,58.11999893,,58.5,58.59999847,,56.13000107,56.20000076,55.88999939,55.66999817,56.75,49.24000168,48.13000107,
Upper middle income,UMC,"Labor force participation rate, female (% of female population ages 15+) (national estimate)",SL.TLF.CACT.FE.NE.ZS,,64.70664985,,,,,,,,,,63.70980987,,,,,,,,,,59.43851711,,,,,,,,,,,
Uruguay,URY,"Labor force participation rate, female (% of female population ages 15+) (national estimate)",SL.TLF.CACT.FE.NE.ZS,,37.88000107,43.77999878,44.95000076,43.97000122,45.45999908,46.72000122,47.11000061,,49.63000107,48.79999924,49.34000015,51.63000107,49.97000122,49.68000031,49.43999863,50.25,51.90999985,53.77999878,54.74000168,55.38999939,55.08000183,56.90000153,56.61999893,55.43000031,56.93000031,56.31000137,56.34999847,56.06999969,55.95999908,56.22000122,54.40999985,
United States,USA,"Labor force participation rate, female (% of female population ages 15+) (national estimate)",SL.TLF.CACT.FE.NE.ZS,57.40000153,57.5,57.40000153,57.79999924,57.90000153,58.86000061,59.04999924,59.34000015,59.90000153,59.84999847,60.02999878,59.93999863,59.79000092,59.61999893,59.50999832,59.15999985,59.25999832,59.36000061,59.31000137,59.47000122,59.18999863,58.61999893,58.09999847,57.68000031,57.20999908,56.97000122,56.68000031,56.79999924,57.04000092,57.08000183,57.43000031,56.20000076,56.09000015
Uzbekistan,UZB,"Labor force participation rate, female (% of female population ages 15+) (national estimate)",SL.TLF.CACT.FE.NE.ZS,,,,,,,,,,,,,,32.74000168,33.22000122,37.20000076,37.52000046,38.11999893,,,67.45999908,66.56999969,64.87000275,65.29000092,66.27999878,67.08999634,67.87000275,68.58000183,69.87000275,,67.59999847,73.13999939,
St. Vincent and the Grenadines,VCT,"Labor force participation rate, female (% of female population ages 15+) (national estimate)",SL.TLF.CACT.FE.NE.ZS,,,44.27000046,,,,,,,,,,,,,,,,,,,,,,,,,,,,,,
"Venezuela, RB",VEN,"Labor force participation rate, female (% of female population ages 15+) (national estimate)",SL.TLF.CACT.FE.NE.ZS,34.83000183,37.29000092,38.83000183,37.93999863,36.16999817,37.29999924,41.18000031,43.29999924,46.18999863,47.59999847,,,52.5,54.72999954,,,49.33000183,49.90999985,49.61000061,49.61999893,49.88999939,49.49000168,49.52999878,49.38000107,,,,47.74000168,53.63999939,,,42.59999847,
British Virgin Islands,VGB,"Labor force participation rate, female (% of female population ages 15+) (national estimate)",SL.TLF.CACT.FE.NE.ZS,,,68.62999725,,,60.33000183,,,,,,,,,,,,,,,,,,,,,,,,,,,
Virgin Islands (U.S.),VIR,"Labor force participation rate, female (% of female population ages 15+) (national estimate)",SL.TLF.CACT.FE.NE.ZS,,59.47000122,,,,,,,,,,,,,,,,,,,,,,,,,,,,,,,
Vietnam,VNM,"Labor force participation rate, female (% of female population ages 15+) (national estimate)",SL.TLF.CACT.FE.NE.ZS,73.56999969,,,,,,,72.59999847,70.80000305,70.30000305,70.40000153,68.80000305,69.59999847,69,68.5,67.59999847,,,70.52999878,,71.48999786,71.56999969,71.56999969,71.75,72.65000153,72.69999695,72.48999786,71.94999695,71.44000244,70.44999695,70.47000122,67.86000061,68.19999695
Vanuatu,VUT,"Labor force participation rate, female (% of female population ages 15+) (national estimate)",SL.TLF.CACT.FE.NE.ZS,79.33000183,,,,,,,,,,37.68999863,,,,,,,73.95999908,,,60.20000076,58.09000015,,,,,,,,,53.93000031,,
World,WLD,"Labor force participation rate, female (% of female population ages 15+) (national estimate)",SL.TLF.CACT.FE.NE.ZS,,,,,,,,,,,,51.00418544,,,,,,,,,,47.89355268,,,,,,,,,,,
Samoa,WSM,"Labor force participation rate, female (% of female population ages 15+) (national estimate)",SL.TLF.CACT.FE.NE.ZS,,,40.16999817,,,,,,,,,,32.16999817,,,,,33.38000107,,,,,23.32999992,24.38999939,,24.38999939,,,41.09999847,,,,
Kosovo,XKX,"Labor force participation rate, female (% of female population ages 15+) (national estimate)",SL.TLF.CACT.FE.NE.ZS,,,,,,,,,,,,,,34.5,29.5,25.20000076,29.70000076,30.60000038,28.29999924,26.10000038,28.79999924,,,16.11000061,18.87000084,19.03000069,16.01000023,16.28000069,17.19000053,16.67000008,18.45999908,18.12000084,
"Yemen, Rep.",YEM,"Labor force participation rate, female (% of female population ages 15+) (national estimate)",SL.TLF.CACT.FE.NE.ZS,,,,,,16.87000084,,,,,21.79999924,,,,,9.600000381,10.80000019,10.60000038,10.39999962,10.19999981,9.930000305,9.970000267,,,,6.039999962,,,,,,,
South Africa,ZAF,"Labor force participation rate, female (% of female population ages 15+) (national estimate)",SL.TLF.CACT.FE.NE.ZS,,,29.54000092,,,38.90000153,,36.59999847,33.79999924,37.09999847,43.90000153,42.61000061,42.22000122,40.77999878,39.90999985,38.00999832,39.86999893,40.5,40.5,52.5,51.16999817,46.91999817,49.63999939,49.18999863,49.68000031,49.41999817,50.91999817,51.02999878,52.18999863,51.58000183,51.95000076,48.61000061,49.56000137
Zambia,ZMB,"Labor force participation rate, female (% of female population ages 15+) (national estimate)",SL.TLF.CACT.FE.NE.ZS,,31.90999985,55.79999924,,,,,,,57,,44.93000031,,,,,,,,,,59.09999847,,,,,,,37.43999863,52.31000137,52.38999939,54.63000107,
Zimbabwe,ZWE,"Labor force participation rate, female (% of female population ages 15+) (national estimate)",SL.TLF.CACT.FE.NE.ZS,,,,,,,,,67.56999969,,64.5,,,,,77.45999908,,,,,,,77.47000122,58.09999847,,80.25,,,,,60.68999863,,